"ID_classificatie","bron","Grootheid.code","Grootheid.omschrijving","Parameter.code","Parameter.omschrijving","CAS.nummer","Eenheid.code","Hoedanigheid.code","Compartiment.code","KRWwatertype.code","GeoObject.identificatie","Waardebewerkingmethode.code","Begindatum","Einddatum","Bijzondere.Omstandigheid"
100100001,"KRW maatlatten 2018 - Macrofauna","AANTFTE","Aantalfractie","","","","%","NVT","OW","R5",NA,"BER","2000-01-01",NA,"SRTPERCind"
100100002,"KRW maatlatten 2018 - Macrofauna","AANTFTE","Aantalfractie","","","","%","NVT","OW","R6",NA,"BER","2000-01-01",NA,"SRTPERCind"
100100003,"KRW maatlatten 2018 - Macrofauna","AANTFTE","Aantalfractie","","","","%","NVT","OW","R7",NA,"BER","2000-01-01",NA,"SRTPERCind"
100100004,"KRW maatlatten 2018 - Macrofauna","AANTFTE","Aantalfractie","","","","%","NVT","OW","R12",NA,"BER","2000-01-01",NA,"SRTPERCind"
100100005,"KRW maatlatten 2018 - Macrofauna","AANTFTE","Aantalfractie","","","","%","NVT","OW","R13",NA,"BER","2000-01-01",NA,"SRTPERCind"
100100006,"KRW maatlatten 2018 - Macrofauna","AANTFTE","Aantalfractie","","","","%","NVT","OW","R14",NA,"BER","2000-01-01",NA,"SRTPERCind"
100100007,"KRW maatlatten 2018 - Macrofauna","AANTFTE","Aantalfractie","","","","%","NVT","OW","R15",NA,"BER","2000-01-01",NA,"SRTPERCind"
100100008,"KRW maatlatten 2018 - Macrofauna","AANTFTE","Aantalfractie","","","","%","NVT","OW","R16",NA,"BER","2000-01-01",NA,"SRTPERCind"
100100009,"KRW maatlatten 2018 - Macrofauna","AANTFTE","Aantalfractie","","","","%","NVT","OW","R17",NA,"BER","2000-01-01",NA,"SRTPERCind"
100100010,"KRW maatlatten 2018 - Macrofauna","AANTFTE","Aantalfractie","","","","%","NVT","OW","R18",NA,"BER","2000-01-01",NA,"SRTPERCind"
100100011,"KRW maatlatten 2018 - Macrofauna","AANTFTE","Aantalfractie","","","","%","NVT","OW","M1a",NA,"BER","2000-01-01",NA,"SRTPERCind"
100100012,"KRW maatlatten 2018 - Macrofauna","AANTFTE","Aantalfractie","","","","%","NVT","OW","M1b",NA,"BER","2000-01-01",NA,"SRTPERCind"
100100013,"KRW maatlatten 2018 - Macrofauna","AANTFTE","Aantalfractie","","","","%","NVT","OW","M2",NA,"BER","2000-01-01",NA,"SRTPERCind"
100100014,"KRW maatlatten 2018 - Macrofauna","AANTFTE","Aantalfractie","","","","%","NVT","OW","M3",NA,"BER","2000-01-01",NA,"SRTPERCind"
100100015,"KRW maatlatten 2018 - Macrofauna","AANTFTE","Aantalfractie","","","","%","NVT","OW","M4",NA,"BER","2000-01-01",NA,"SRTPERCind"
100100016,"KRW maatlatten 2018 - Macrofauna","AANTFTE","Aantalfractie","","","","%","NVT","OW","M6a",NA,"BER","2000-01-01",NA,"SRTPERCind"
100100017,"KRW maatlatten 2018 - Macrofauna","AANTFTE","Aantalfractie","","","","%","NVT","OW","M6b",NA,"BER","2000-01-01",NA,"SRTPERCind"
100100018,"KRW maatlatten 2018 - Macrofauna","AANTFTE","Aantalfractie","","","","%","NVT","OW","M7a",NA,"BER","2000-01-01",NA,"SRTPERCind"
100100019,"KRW maatlatten 2018 - Macrofauna","AANTFTE","Aantalfractie","","","","%","NVT","OW","M7b",NA,"BER","2000-01-01",NA,"SRTPERCind"
100100020,"KRW maatlatten 2018 - Macrofauna","AANTFTE","Aantalfractie","","","","%","NVT","OW","M8",NA,"BER","2000-01-01",NA,"SRTPERCind"
100100021,"KRW maatlatten 2018 - Macrofauna","AANTFTE","Aantalfractie","","","","%","NVT","OW","M10",NA,"BER","2000-01-01",NA,"SRTPERCind"
100100022,"KRW maatlatten 2018 - Macrofauna","AANTFTE","Aantalfractie","","","","%","NVT","OW","M12",NA,"BER","2000-01-01",NA,"SRTPERCind"
100100023,"KRW maatlatten 2018 - Macrofauna","AANTFTE","Aantalfractie","","","","%","NVT","OW","M14",NA,"BER","2000-01-01",NA,"SRTPERCind"
100100024,"KRW maatlatten 2018 - Macrofauna","AANTFTE","Aantalfractie","","","","%","NVT","OW","M20",NA,"BER","2000-01-01",NA,"SRTPERCind"
100100025,"KRW maatlatten 2018 - Macrofauna","AANTFTE","Aantalfractie","","","","%","NVT","OW","M23",NA,"BER","2000-01-01",NA,"SRTPERCind"
100100026,"KRW maatlatten 2018 - Macrofauna","AANTFTE","Aantalfractie","","","","%","NVT","OW","M27",NA,"BER","2000-01-01",NA,"SRTPERCind"
100100027,"KRW maatlatten 2018 - Macrofauna","AANTFTE","Aantalfractie","","","","%","NVT","OW","M30",NA,"BER","2000-01-01",NA,"SRTPERCind"
100100028,"KRW maatlatten 2018 - Macrofauna","AANTFTE","Aantalfractie","","","","%","NVT","OW","M31",NA,"BER","2000-01-01",NA,"SRTPERCind"
100100029,"KRW maatlatten 2018 - Macrofauna","AANTFTE","Aantalfractie","","","","%","NVT","OW","M5",NA,"BER","2000-01-01",NA,"SRTPERCind"
100100030,"KRW maatlatten 2018 - Macrofauna","AANTFTE","Aantalfractie","","","","%","NVT","OW","M11",NA,"BER","2000-01-01",NA,"SRTPERCind"
100100031,"KRW maatlatten 2018 - Macrofauna","AANTFTE","Aantalfractie","","","","%","NVT","OW","M13",NA,"BER","2000-01-01",NA,"SRTPERCind"
100100032,"KRW maatlatten 2018 - Macrofauna","AANTFTE","Aantalfractie","","","","%","NVT","OW","M16",NA,"BER","2000-01-01",NA,"SRTPERCind"
100100033,"KRW maatlatten 2018 - Macrofauna","AANTFTE","Aantalfractie","","","","%","NVT","OW","M17",NA,"BER","2000-01-01",NA,"SRTPERCind"
100100034,"KRW maatlatten 2018 - Macrofauna","AANTFTE","Aantalfractie","","","","%","NVT","OW","M18",NA,"BER","2000-01-01",NA,"SRTPERCind"
100100035,"KRW maatlatten 2018 - Macrofauna","AANTFTE","Aantalfractie","","","","%","NVT","OW","M22",NA,"BER","2000-01-01",NA,"SRTPERCind"
100100036,"KRW maatlatten 2018 - Macrofauna","AANTFTE","Aantalfractie","","","","%","NVT","OW","M25",NA,"BER","2000-01-01",NA,"SRTPERCind"
100100037,"KRW maatlatten 2018 - Macrofauna","AANTFTE","Aantalfractie","","","","%","NVT","OW","M26",NA,"BER","2000-01-01",NA,"SRTPERCind"
100100038,"KRW maatlatten 2018 - Macrofauna","AANTFTE","Aantalfractie","","","","%","NVT","OW","R1",NA,"BER","2000-01-01",NA,"SRTPERCind"
100100039,"KRW maatlatten 2018 - Macrofauna","AANTFTE","Aantalfractie","","","","%","NVT","OW","R2",NA,"BER","2000-01-01",NA,"SRTPERCind"
100100040,"KRW maatlatten 2018 - Macrofauna","AANTFTE","Aantalfractie","","","","%","NVT","OW","R3",NA,"BER","2000-01-01",NA,"SRTPERCind"
100100041,"KRW maatlatten 2018 - Macrofauna","AANTFTE","Aantalfractie","","","","%","NVT","OW","R11",NA,"BER","2000-01-01",NA,"SRTPERCind"
100100042,"KRW maatlatten 2018 - Macrofauna","AANTFTE","Aantalfractie","","","","%","NVT","OW","R4a",NA,"BER","2000-01-01",NA,"SRTPERCind"
100100043,"KRW maatlatten 2018 - Macrofauna","AANTFTE","Aantalfractie","","","","%","NVT","OW","R19",NA,"BER","2000-01-01",NA,"SRTPERCind"
100100044,"KRW maatlatten 2018 - Macrofauna","AANTFTE","Aantalfractie","","","","%","NVT","OW","M21a",NA,"BER","2000-01-01",NA,"SRTPERCind"
100100045,"KRW maatlatten 2018 - Macrofauna","AANTFTE","Aantalfractie","","","","%","NVT","OW","R4b",NA,"BER","2000-01-01",NA,"SRTPERCind"
100100046,"KRW maatlatten 2018 - Macrofauna","AANTFTE","Aantalfractie","","","","%","NVT","OW","R20",NA,"BER","2000-01-01",NA,"SRTPERCind"
100100047,"KRW maatlatten 2018 - Macrofauna","AANTFTE","Aantalfractie","","","","%","NVT","OW","M21b",NA,"BER","2000-01-01",NA,"SRTPERCind"
100100048,"KRW maatlatten 2018 - Macrofauna","AANTPOPVTE","Aantal per oppervlakte","MACFN","Macrofauna","NVT","DIMSLS","EKR","PM","R8",NA,"BER","2000-01-01",NA,"MAF_DICHT_R8"
100100049,"KRW maatlatten 2018 - Macrofauna","AANTPOPVTE","Aantal per oppervlakte","MAF_srtVSind","Macrofauna - indicerende soorten -(3) vervuild sediment","NVT","DIMSLS","EKR","PM","R8",NA,"BER","2000-01-01",NA,"MAF_SDV-D_R8"
100100050,"KRW maatlatten 2018 - Macrofauna","CONCTTE","(massa)Concentratie","Cl","chloride","16887-00-6","mg/l","NVT","OW","M30",NA,"ZGM","2000-01-01",NA,""
100100051,"KRW maatlatten 2018 - Macrofauna","MAF_ALGV","Algemene verstoring macrofauna","","","","DIMSLS","EKR","OW","R8",NA,"BER","2000-01-01",NA,"MAF_deelm_R8"
100100052,"KRW maatlatten 2018 - Macrofauna","MAF_DIVS","Diversiteit macrofauna","","","","DIMSLS","EKR","OW","R8",NA,"BER","2000-01-01",NA,"MAF_deelm_R8"
100100053,"KRW maatlatten 2018 - Macrofauna","MAF_SEDV","Sedimentvervuiling macrofauna","","","","DIMSLS","EKR","OW","R8",NA,"BER","2000-01-01",NA,"MAF_deelm_R8"
100100054,"KRW maatlatten 2018 - Macrofauna","MAF_ZOET","Zoetwatersoorten macrofauna","","","","DIMSLS","EKR","OW","R8",NA,"BER","2000-01-01",NA,"MAF_deelm_R8"
100100055,"KRW maatlatten 2018 - Macrofauna","MAFAUNA","Macrofauna-kwaliteit","","","","DIMSLS","EKR","OW","R5",NA,"BER","2000-01-01",NA,"MAFAUNA_Rklr"
100100056,"KRW maatlatten 2018 - Macrofauna","MAFAUNA","Macrofauna-kwaliteit","","","","DIMSLS","EKR","OW","R6",NA,"BER","2000-01-01",NA,"MAFAUNA_Rklr"
100100057,"KRW maatlatten 2018 - Macrofauna","MAFAUNA","Macrofauna-kwaliteit","","","","DIMSLS","EKR","OW","R7",NA,"BER","2000-01-01",NA,"MAFAUNA_Rgr"
100100058,"KRW maatlatten 2018 - Macrofauna","MAFAUNA","Macrofauna-kwaliteit","","","","DIMSLS","EKR","OW","R8",NA,"BER","2000-01-01",NA,"MAFAUNA_R8"
100100059,"KRW maatlatten 2018 - Macrofauna","MAFAUNA","Macrofauna-kwaliteit","","","","DIMSLS","EKR","OW","R12",NA,"BER","2000-01-01",NA,"MAFAUNA_Rklr"
100100060,"KRW maatlatten 2018 - Macrofauna","MAFAUNA","Macrofauna-kwaliteit","","","","DIMSLS","EKR","OW","R13",NA,"BER","2000-01-01",NA,"MAFAUNA_Rklr"
100100061,"KRW maatlatten 2018 - Macrofauna","MAFAUNA","Macrofauna-kwaliteit","","","","DIMSLS","EKR","OW","R14",NA,"BER","2000-01-01",NA,"MAFAUNA_Rklr"
100100062,"KRW maatlatten 2018 - Macrofauna","MAFAUNA","Macrofauna-kwaliteit","","","","DIMSLS","EKR","OW","R15",NA,"BER","2000-01-01",NA,"MAFAUNA_Rklr"
100100063,"KRW maatlatten 2018 - Macrofauna","MAFAUNA","Macrofauna-kwaliteit","","","","DIMSLS","EKR","OW","R16",NA,"BER","2000-01-01",NA,"MAFAUNA_Rgr"
100100064,"KRW maatlatten 2018 - Macrofauna","MAFAUNA","Macrofauna-kwaliteit","","","","DIMSLS","EKR","OW","R17",NA,"BER","2000-01-01",NA,"MAFAUNA_Rklr"
100100065,"KRW maatlatten 2018 - Macrofauna","MAFAUNA","Macrofauna-kwaliteit","","","","DIMSLS","EKR","OW","R18",NA,"BER","2000-01-01",NA,"MAFAUNA_Rklr"
100100066,"KRW maatlatten 2018 - Macrofauna","MAFAUNA","Macrofauna-kwaliteit","","","","DIMSLS","EKR","OW","M1a",NA,"BER","2000-01-01",NA,"MAFAUNA_Rskn"
100100067,"KRW maatlatten 2018 - Macrofauna","MAFAUNA","Macrofauna-kwaliteit","","","","DIMSLS","EKR","OW","M1b",NA,"BER","2000-01-01",NA,"MAFAUNA_Rskn"
100100068,"KRW maatlatten 2018 - Macrofauna","MAFAUNA","Macrofauna-kwaliteit","","","","DIMSLS","EKR","OW","M2",NA,"BER","2000-01-01",NA,"MAFAUNA_Rskn"
100100069,"KRW maatlatten 2018 - Macrofauna","MAFAUNA","Macrofauna-kwaliteit","","","","DIMSLS","EKR","OW","M3",NA,"BER","2000-01-01",NA,"MAFAUNA_Rskn"
100100070,"KRW maatlatten 2018 - Macrofauna","MAFAUNA","Macrofauna-kwaliteit","","","","DIMSLS","EKR","OW","M4",NA,"BER","2000-01-01",NA,"MAFAUNA_Rskn"
100100071,"KRW maatlatten 2018 - Macrofauna","MAFAUNA","Macrofauna-kwaliteit","","","","DIMSLS","EKR","OW","M6a",NA,"BER","2000-01-01",NA,"MAFAUNA_Rskn"
100100072,"KRW maatlatten 2018 - Macrofauna","MAFAUNA","Macrofauna-kwaliteit","","","","DIMSLS","EKR","OW","M6b",NA,"BER","2000-01-01",NA,"MAFAUNA_Rskn"
100100073,"KRW maatlatten 2018 - Macrofauna","MAFAUNA","Macrofauna-kwaliteit","","","","DIMSLS","EKR","OW","M7a",NA,"BER","2000-01-01",NA,"MAFAUNA_Rskn"
100100074,"KRW maatlatten 2018 - Macrofauna","MAFAUNA","Macrofauna-kwaliteit","","","","DIMSLS","EKR","OW","M7b",NA,"BER","2000-01-01",NA,"MAFAUNA_Rskn"
100100075,"KRW maatlatten 2018 - Macrofauna","MAFAUNA","Macrofauna-kwaliteit","","","","DIMSLS","EKR","OW","M8",NA,"BER","2000-01-01",NA,"MAFAUNA_Rskn"
100100076,"KRW maatlatten 2018 - Macrofauna","MAFAUNA","Macrofauna-kwaliteit","","","","DIMSLS","EKR","OW","M10",NA,"BER","2000-01-01",NA,"MAFAUNA_Rskn"
100100077,"KRW maatlatten 2018 - Macrofauna","MAFAUNA","Macrofauna-kwaliteit","","","","DIMSLS","EKR","OW","M12",NA,"BER","2000-01-01",NA,"MAFAUNA_Mx"
100100078,"KRW maatlatten 2018 - Macrofauna","MAFAUNA","Macrofauna-kwaliteit","","","","DIMSLS","EKR","OW","M14",NA,"BER","2000-01-01",NA,"MAFAUNA_Mx"
100100079,"KRW maatlatten 2018 - Macrofauna","MAFAUNA","Macrofauna-kwaliteit","","","","DIMSLS","EKR","OW","M20",NA,"BER","2000-01-01",NA,"MAFAUNA_Mx"
100100080,"KRW maatlatten 2018 - Macrofauna","MAFAUNA","Macrofauna-kwaliteit","","","","DIMSLS","EKR","OW","M23",NA,"BER","2000-01-01",NA,"MAFAUNA_Mx"
100100081,"KRW maatlatten 2018 - Macrofauna","MAFAUNA","Macrofauna-kwaliteit","","","","DIMSLS","EKR","OW","M27",NA,"BER","2000-01-01",NA,"MAFAUNA_Mx"
100100082,"KRW maatlatten 2018 - Macrofauna","MAFAUNA","Macrofauna-kwaliteit","","","","DIMSLS","EKR","OW","M30",NA,"BER","2000-01-01",NA,"MAFAUNA_M30"
100100083,"KRW maatlatten 2018 - Macrofauna","MAFAUNA","Macrofauna-kwaliteit","","","","DIMSLS","EKR","OW","M31",NA,"BER","2000-01-01",NA,"MAFAUNA_Mx"
100100084,"KRW maatlatten 2018 - Macrofauna","MAFAUNA","Macrofauna-kwaliteit","","","","DIMSLS","EKR","OW","M32",NA,"BER","2000-01-01",NA,"MAFAUNA_KOx"
100100085,"KRW maatlatten 2018 - Macrofauna","MAFAUNA","Macrofauna-kwaliteit","","","","DIMSLS","EKR","OW","K1",NA,"BER","2000-01-01",NA,"MAFAUNA_KOx"
100100086,"KRW maatlatten 2018 - Macrofauna","MAFAUNA","Macrofauna-kwaliteit","","","","DIMSLS","EKR","OW","K2",NA,"BER","2000-01-01",NA,"MAFAUNA_KOx"
100100087,"KRW maatlatten 2018 - Macrofauna","MAFAUNA","Macrofauna-kwaliteit","","","","DIMSLS","EKR","OW","K3",NA,"BER","2000-01-01",NA,"MAFAUNA_KOx"
100100088,"KRW maatlatten 2018 - Macrofauna","MAFAUNA","Macrofauna-kwaliteit","","","","DIMSLS","EKR","OW","M5",NA,"BER","2000-01-01",NA,"MAFAUNA_Mx"
100100089,"KRW maatlatten 2018 - Macrofauna","MAFAUNA","Macrofauna-kwaliteit","","","","DIMSLS","EKR","OW","M11",NA,"BER","2000-01-01",NA,"MAFAUNA_Mx"
100100090,"KRW maatlatten 2018 - Macrofauna","MAFAUNA","Macrofauna-kwaliteit","","","","DIMSLS","EKR","OW","M13",NA,"BER","2000-01-01",NA,"MAFAUNA_Mx"
100100091,"KRW maatlatten 2018 - Macrofauna","MAFAUNA","Macrofauna-kwaliteit","","","","DIMSLS","EKR","OW","M16",NA,"BER","2000-01-01",NA,"MAFAUNA_Mx"
100100092,"KRW maatlatten 2018 - Macrofauna","MAFAUNA","Macrofauna-kwaliteit","","","","DIMSLS","EKR","OW","M17",NA,"BER","2000-01-01",NA,"MAFAUNA_Mx"
100100093,"KRW maatlatten 2018 - Macrofauna","MAFAUNA","Macrofauna-kwaliteit","","","","DIMSLS","EKR","OW","M18",NA,"BER","2000-01-01",NA,"MAFAUNA_Mx"
100100094,"KRW maatlatten 2018 - Macrofauna","MAFAUNA","Macrofauna-kwaliteit","","","","DIMSLS","EKR","OW","M22",NA,"BER","2000-01-01",NA,"MAFAUNA_Mx"
100100095,"KRW maatlatten 2018 - Macrofauna","MAFAUNA","Macrofauna-kwaliteit","","","","DIMSLS","EKR","OW","M25",NA,"BER","2000-01-01",NA,"MAFAUNA_Mx"
100100096,"KRW maatlatten 2018 - Macrofauna","MAFAUNA","Macrofauna-kwaliteit","","","","DIMSLS","EKR","OW","M26",NA,"BER","2000-01-01",NA,"MAFAUNA_Mx"
100100097,"KRW maatlatten 2018 - Macrofauna","MAFAUNA","Macrofauna-kwaliteit","","","","DIMSLS","EKR","OW","R1",NA,"BER","2000-01-01",NA,"MAFAUNA_Rklr"
100100098,"KRW maatlatten 2018 - Macrofauna","MAFAUNA","Macrofauna-kwaliteit","","","","DIMSLS","EKR","OW","R2",NA,"BER","2000-01-01",NA,"MAFAUNA_R2"
100100099,"KRW maatlatten 2018 - Macrofauna","MAFAUNA","Macrofauna-kwaliteit","","","","DIMSLS","EKR","OW","R3",NA,"BER","2000-01-01",NA,"MAFAUNA_Rklr"
100100100,"KRW maatlatten 2018 - Macrofauna","MAFAUNA","Macrofauna-kwaliteit","","","","DIMSLS","EKR","OW","R11",NA,"BER","2000-01-01",NA,"MAFAUNA_Rklr"
100100101,"KRW maatlatten 2018 - Macrofauna","MAFAUNA","Macrofauna-kwaliteit","","","","DIMSLS","EKR","OW","R4a",NA,"BER","2000-01-01",NA,"MAFAUNA_Rklr"
100100102,"KRW maatlatten 2018 - Macrofauna","MAFAUNA","Macrofauna-kwaliteit","","","","DIMSLS","EKR","OW","R19",NA,"BER","2000-01-01",NA,"MAFAUNA_Rklr"
100100103,"KRW maatlatten 2018 - Macrofauna","MAFAUNA","Macrofauna-kwaliteit","","","","DIMSLS","EKR","OW","M21a",NA,"BER","2000-01-01",NA,"MAFAUNA_Mx"
100100104,"KRW maatlatten 2018 - Macrofauna","MAFAUNA","Macrofauna-kwaliteit","","","","DIMSLS","EKR","OW","O2a",NA,"BER","2000-01-01",NA,"MAFAUNA_KOx"
100100105,"KRW maatlatten 2018 - Macrofauna","MAFAUNA","Macrofauna-kwaliteit","","","","DIMSLS","EKR","OW","R4b",NA,"BER","2000-01-01",NA,"MAFAUNA_Rklr"
100100106,"KRW maatlatten 2018 - Macrofauna","MAFAUNA","Macrofauna-kwaliteit","","","","DIMSLS","EKR","OW","R20",NA,"BER","2000-01-01",NA,"MAFAUNA_Rklr"
100100107,"KRW maatlatten 2018 - Macrofauna","MAFAUNA","Macrofauna-kwaliteit","","","","DIMSLS","EKR","OW","M21b",NA,"BER","2000-01-01",NA,"MAFAUNA_Mx"
100100108,"KRW maatlatten 2018 - Macrofauna","MAFAUNA","Macrofauna-kwaliteit","","","","DIMSLS","EKR","OW","O2b",NA,"BER","2000-01-01",NA,"MAFAUNA_KOx"
100100109,"KRW maatlatten 2018 - Macrofauna","SHANNIDX","Shannon Index","","","","DIMSLS","EKR","OW","M32",NA,"BER","2000-01-01",NA,"MAF_Shannon"
100100110,"KRW maatlatten 2018 - Macrofauna","SHANNIDX","Shannon Index","","","","DIMSLS","EKR","OW","K1",NA,"BER","2000-01-01",NA,"MAF_Shannon"
100100111,"KRW maatlatten 2018 - Macrofauna","SHANNIDX","Shannon Index","","","","DIMSLS","EKR","OW","K2",NA,"BER","2000-01-01",NA,"MAF_Shannon"
100100112,"KRW maatlatten 2018 - Macrofauna","SHANNIDX","Shannon Index","","","","DIMSLS","EKR","OW","K3",NA,"BER","2000-01-01",NA,"MAF_Shannon"
100100113,"KRW maatlatten 2018 - Macrofauna","SHANNIDX","Shannon Index","","","","DIMSLS","EKR","OW","O2a",NA,"BER","2000-01-01",NA,"MAF_Shannon"
100100114,"KRW maatlatten 2018 - Macrofauna","SHANNIDX","Shannon Index","","","","DIMSLS","EKR","OW","O2b",NA,"BER","2000-01-01",NA,"MAF_Shannon"
100100115,"KRW maatlatten 2018 - Macrofauna","SOORTADL","Soortenaandeel","MAF_soortK","Macrofauna - soort kenmerkend","NVT","%","NVT","OW","R1",NA,"BER","2000-01-01",NA,"SRTRDMreltot"
100100116,"KRW maatlatten 2018 - Macrofauna","SOORTADL","Soortenaandeel","MAF_soortKDP","Macrofauna - soort kenmerkend en/of dominant positief","NVT","%","NVT","OW","R1",NA,"BER","2000-01-01",NA,"MAF_srtKDP"
100100117,"KRW maatlatten 2018 - Macrofauna","SOORTADL","Soortenaandeel","MAF_soortDN","Macrofauna - soort dominant negatief","NVT","%","NVT","OW","R1",NA,"BER","2000-01-01",NA,"MAF_ ADLidAK"
100100118,"KRW maatlatten 2018 - Macrofauna","SOORTADL","Soortenaandeel","MAF_soortK","Macrofauna - soort kenmerkend","NVT","%","NVT","OW","R2",NA,"BER","2000-01-01",NA,"SRTRDMreltot"
100100119,"KRW maatlatten 2018 - Macrofauna","SOORTADL","Soortenaandeel","MAF_soortKDP","Macrofauna - soort kenmerkend en/of dominant positief","NVT","%","NVT","OW","R2",NA,"BER","2000-01-01",NA,"MAF_srtKDP"
100100120,"KRW maatlatten 2018 - Macrofauna","SOORTADL","Soortenaandeel","MAF_soortDN","Macrofauna - soort dominant negatief","NVT","%","NVT","OW","R2",NA,"BER","2000-01-01",NA,"MAF_ ADLidAK"
100100121,"KRW maatlatten 2018 - Macrofauna","SOORTADL","Soortenaandeel","MAF_soortK","Macrofauna - soort kenmerkend","NVT","%","NVT","OW","R3",NA,"BER","2000-01-01",NA,"SRTRDMreltot"
100100122,"KRW maatlatten 2018 - Macrofauna","SOORTADL","Soortenaandeel","MAF_soortKDP","Macrofauna - soort kenmerkend en/of dominant positief","NVT","%","NVT","OW","R3",NA,"BER","2000-01-01",NA,"MAF_srtKDP"
100100123,"KRW maatlatten 2018 - Macrofauna","SOORTADL","Soortenaandeel","MAF_soortDN","Macrofauna - soort dominant negatief","NVT","%","NVT","OW","R3",NA,"BER","2000-01-01",NA,"MAF_ ADLidAK"
100100124,"KRW maatlatten 2018 - Macrofauna","SOORTADL","Soortenaandeel","MAF_soortK","Macrofauna - soort kenmerkend","NVT","%","NVT","OW","R5",NA,"BER","2000-01-01",NA,"SRTRDMreltot"
100100125,"KRW maatlatten 2018 - Macrofauna","SOORTADL","Soortenaandeel","MAF_soortKDP","Macrofauna - soort kenmerkend en/of dominant positief","NVT","%","NVT","OW","R5",NA,"BER","2000-01-01",NA,"MAF_srtKDP"
100100126,"KRW maatlatten 2018 - Macrofauna","SOORTADL","Soortenaandeel","MAF_soortDN","Macrofauna - soort dominant negatief","NVT","%","NVT","OW","R5",NA,"BER","2000-01-01",NA,"MAF_ ADLidAK"
100100127,"KRW maatlatten 2018 - Macrofauna","SOORTADL","Soortenaandeel","MAF_soortK","Macrofauna - soort kenmerkend","NVT","%","NVT","OW","R6",NA,"BER","2000-01-01",NA,"SRTRDMreltot"
100100128,"KRW maatlatten 2018 - Macrofauna","SOORTADL","Soortenaandeel","MAF_soortKDP","Macrofauna - soort kenmerkend en/of dominant positief","NVT","%","NVT","OW","R6",NA,"BER","2000-01-01",NA,"MAF_srtKDP"
100100129,"KRW maatlatten 2018 - Macrofauna","SOORTADL","Soortenaandeel","MAF_soortDN","Macrofauna - soort dominant negatief","NVT","%","NVT","OW","R6",NA,"BER","2000-01-01",NA,"MAF_ ADLidAK"
100100130,"KRW maatlatten 2018 - Macrofauna","SOORTADL","Soortenaandeel","MAF_soortK","Macrofauna - soort kenmerkend","NVT","%","NVT","OW","R7",NA,"BER","2000-01-01",NA,"SRTRDMreltot"
100100131,"KRW maatlatten 2018 - Macrofauna","SOORTADL","Soortenaandeel","MAF_soortKDP","Macrofauna - soort kenmerkend en/of dominant positief","NVT","%","NVT","OW","R7",NA,"BER","2000-01-01",NA,"MAF_srtKDP"
100100132,"KRW maatlatten 2018 - Macrofauna","SOORTADL","Soortenaandeel","MAF_soortDN","Macrofauna - soort dominant negatief","NVT","%","NVT","OW","R7",NA,"BER","2000-01-01",NA,"MAF_ ADLidAK"
100100133,"KRW maatlatten 2018 - Macrofauna","SOORTADL","Soortenaandeel","MAF_soortK","Macrofauna - soort kenmerkend","NVT","%","NVT","OW","R11",NA,"BER","2000-01-01",NA,"SRTRDMreltot"
100100134,"KRW maatlatten 2018 - Macrofauna","SOORTADL","Soortenaandeel","MAF_soortKDP","Macrofauna - soort kenmerkend en/of dominant positief","NVT","%","NVT","OW","R11",NA,"BER","2000-01-01",NA,"MAF_srtKDP"
100100135,"KRW maatlatten 2018 - Macrofauna","SOORTADL","Soortenaandeel","MAF_soortDN","Macrofauna - soort dominant negatief","NVT","%","NVT","OW","R11",NA,"BER","2000-01-01",NA,"MAF_ ADLidAK"
100100136,"KRW maatlatten 2018 - Macrofauna","SOORTADL","Soortenaandeel","MAF_soortK","Macrofauna - soort kenmerkend","NVT","%","NVT","OW","R12",NA,"BER","2000-01-01",NA,"SRTRDMreltot"
100100137,"KRW maatlatten 2018 - Macrofauna","SOORTADL","Soortenaandeel","MAF_soortKDP","Macrofauna - soort kenmerkend en/of dominant positief","NVT","%","NVT","OW","R12",NA,"BER","2000-01-01",NA,"MAF_srtKDP"
100100138,"KRW maatlatten 2018 - Macrofauna","SOORTADL","Soortenaandeel","MAF_soortDN","Macrofauna - soort dominant negatief","NVT","%","NVT","OW","R12",NA,"BER","2000-01-01",NA,"MAF_ ADLidAK"
100100139,"KRW maatlatten 2018 - Macrofauna","SOORTADL","Soortenaandeel","MAF_soortK","Macrofauna - soort kenmerkend","NVT","%","NVT","OW","R13",NA,"BER","2000-01-01",NA,"SRTRDMreltot"
100100140,"KRW maatlatten 2018 - Macrofauna","SOORTADL","Soortenaandeel","MAF_soortKDP","Macrofauna - soort kenmerkend en/of dominant positief","NVT","%","NVT","OW","R13",NA,"BER","2000-01-01",NA,"MAF_srtKDP"
100100141,"KRW maatlatten 2018 - Macrofauna","SOORTADL","Soortenaandeel","MAF_soortDN","Macrofauna - soort dominant negatief","NVT","%","NVT","OW","R13",NA,"BER","2000-01-01",NA,"MAF_ ADLidAK"
100100142,"KRW maatlatten 2018 - Macrofauna","SOORTADL","Soortenaandeel","MAF_soortK","Macrofauna - soort kenmerkend","NVT","%","NVT","OW","R14",NA,"BER","2000-01-01",NA,"SRTRDMreltot"
100100143,"KRW maatlatten 2018 - Macrofauna","SOORTADL","Soortenaandeel","MAF_soortKDP","Macrofauna - soort kenmerkend en/of dominant positief","NVT","%","NVT","OW","R14",NA,"BER","2000-01-01",NA,"MAF_srtKDP"
100100144,"KRW maatlatten 2018 - Macrofauna","SOORTADL","Soortenaandeel","MAF_soortDN","Macrofauna - soort dominant negatief","NVT","%","NVT","OW","R14",NA,"BER","2000-01-01",NA,"MAF_ ADLidAK"
100100145,"KRW maatlatten 2018 - Macrofauna","SOORTADL","Soortenaandeel","MAF_soortK","Macrofauna - soort kenmerkend","NVT","%","NVT","OW","R15",NA,"BER","2000-01-01",NA,"SRTRDMreltot"
100100146,"KRW maatlatten 2018 - Macrofauna","SOORTADL","Soortenaandeel","MAF_soortKDP","Macrofauna - soort kenmerkend en/of dominant positief","NVT","%","NVT","OW","R15",NA,"BER","2000-01-01",NA,"MAF_srtKDP"
100100147,"KRW maatlatten 2018 - Macrofauna","SOORTADL","Soortenaandeel","MAF_soortDN","Macrofauna - soort dominant negatief","NVT","%","NVT","OW","R15",NA,"BER","2000-01-01",NA,"MAF_ ADLidAK"
100100148,"KRW maatlatten 2018 - Macrofauna","SOORTADL","Soortenaandeel","MAF_soortK","Macrofauna - soort kenmerkend","NVT","%","NVT","OW","R16",NA,"BER","2000-01-01",NA,"SRTRDMreltot"
100100149,"KRW maatlatten 2018 - Macrofauna","SOORTADL","Soortenaandeel","MAF_soortKDP","Macrofauna - soort kenmerkend en/of dominant positief","NVT","%","NVT","OW","R16",NA,"BER","2000-01-01",NA,"MAF_srtKDP"
100100150,"KRW maatlatten 2018 - Macrofauna","SOORTADL","Soortenaandeel","MAF_soortDN","Macrofauna - soort dominant negatief","NVT","%","NVT","OW","R16",NA,"BER","2000-01-01",NA,"MAF_ ADLidAK"
100100151,"KRW maatlatten 2018 - Macrofauna","SOORTADL","Soortenaandeel","MAF_soortK","Macrofauna - soort kenmerkend","NVT","%","NVT","OW","R17",NA,"BER","2000-01-01",NA,"SRTRDMreltot"
100100152,"KRW maatlatten 2018 - Macrofauna","SOORTADL","Soortenaandeel","MAF_soortKDP","Macrofauna - soort kenmerkend en/of dominant positief","NVT","%","NVT","OW","R17",NA,"BER","2000-01-01",NA,"MAF_srtKDP"
100100153,"KRW maatlatten 2018 - Macrofauna","SOORTADL","Soortenaandeel","MAF_soortDN","Macrofauna - soort dominant negatief","NVT","%","NVT","OW","R17",NA,"BER","2000-01-01",NA,"MAF_ ADLidAK"
100100154,"KRW maatlatten 2018 - Macrofauna","SOORTADL","Soortenaandeel","MAF_soortK","Macrofauna - soort kenmerkend","NVT","%","NVT","OW","R18",NA,"BER","2000-01-01",NA,"SRTRDMreltot"
100100155,"KRW maatlatten 2018 - Macrofauna","SOORTADL","Soortenaandeel","MAF_soortKDP","Macrofauna - soort kenmerkend en/of dominant positief","NVT","%","NVT","OW","R18",NA,"BER","2000-01-01",NA,"MAF_srtKDP"
100100156,"KRW maatlatten 2018 - Macrofauna","SOORTADL","Soortenaandeel","MAF_soortDN","Macrofauna - soort dominant negatief","NVT","%","NVT","OW","R18",NA,"BER","2000-01-01",NA,"MAF_ ADLidAK"
100100157,"KRW maatlatten 2018 - Macrofauna","SOORTADL","Soortenaandeel","MAF_soortDN","Macrofauna - soort dominant negatief","NVT","%","NVT","OW","M1a",NA,"BER","2000-01-01",NA,"MAF_ ADLidAK"
100100158,"KRW maatlatten 2018 - Macrofauna","SOORTADL","Soortenaandeel","MAF_soortDN","Macrofauna - soort dominant negatief","NVT","%","NVT","OW","M1b",NA,"BER","2000-01-01",NA,"MAF_ ADLidAK"
100100159,"KRW maatlatten 2018 - Macrofauna","SOORTADL","Soortenaandeel","MAF_soortDN","Macrofauna - soort dominant negatief","NVT","%","NVT","OW","M2",NA,"BER","2000-01-01",NA,"MAF_ ADLidAK"
100100160,"KRW maatlatten 2018 - Macrofauna","SOORTADL","Soortenaandeel","MAF_soortDN","Macrofauna - soort dominant negatief","NVT","%","NVT","OW","M3",NA,"BER","2000-01-01",NA,"MAF_ ADLidAK"
100100161,"KRW maatlatten 2018 - Macrofauna","SOORTADL","Soortenaandeel","MAF_soortDN","Macrofauna - soort dominant negatief","NVT","%","NVT","OW","M4",NA,"BER","2000-01-01",NA,"MAF_ ADLidAK"
100100162,"KRW maatlatten 2018 - Macrofauna","SOORTADL","Soortenaandeel","MAF_soortK","Macrofauna - soort kenmerkend","NVT","%","NVT","OW","M5",NA,"BER","2000-01-01",NA,"SRTRDMreltot"
100100163,"KRW maatlatten 2018 - Macrofauna","SOORTADL","Soortenaandeel","MAF_soortKDP","Macrofauna - soort kenmerkend en/of dominant positief","NVT","%","NVT","OW","M5",NA,"BER","2000-01-01",NA,"MAF_srtKDP"
100100164,"KRW maatlatten 2018 - Macrofauna","SOORTADL","Soortenaandeel","MAF_soortDN","Macrofauna - soort dominant negatief","NVT","%","NVT","OW","M5",NA,"BER","2000-01-01",NA,"MAF_ ADLidAK"
100100165,"KRW maatlatten 2018 - Macrofauna","SOORTADL","Soortenaandeel","MAF_soortDN","Macrofauna - soort dominant negatief","NVT","%","NVT","OW","M6a",NA,"BER","2000-01-01",NA,"MAF_ ADLidAK"
100100166,"KRW maatlatten 2018 - Macrofauna","SOORTADL","Soortenaandeel","MAF_soortDN","Macrofauna - soort dominant negatief","NVT","%","NVT","OW","M6b",NA,"BER","2000-01-01",NA,"MAF_ ADLidAK"
100100167,"KRW maatlatten 2018 - Macrofauna","SOORTADL","Soortenaandeel","MAF_soortDN","Macrofauna - soort dominant negatief","NVT","%","NVT","OW","M7a",NA,"BER","2000-01-01",NA,"MAF_ ADLidAK"
100100168,"KRW maatlatten 2018 - Macrofauna","SOORTADL","Soortenaandeel","MAF_soortDN","Macrofauna - soort dominant negatief","NVT","%","NVT","OW","M7b",NA,"BER","2000-01-01",NA,"MAF_ ADLidAK"
100100169,"KRW maatlatten 2018 - Macrofauna","SOORTADL","Soortenaandeel","MAF_soortDN","Macrofauna - soort dominant negatief","NVT","%","NVT","OW","M8",NA,"BER","2000-01-01",NA,"MAF_ ADLidAK"
100100170,"KRW maatlatten 2018 - Macrofauna","SOORTADL","Soortenaandeel","MAF_soortK","Macrofauna - soort kenmerkend","NVT","%","NVT","OW","M9",NA,"BER","2000-01-01",NA,"SRTRDMreltot"
100100171,"KRW maatlatten 2018 - Macrofauna","SOORTADL","Soortenaandeel","MAF_soortKDP","Macrofauna - soort kenmerkend en/of dominant positief","NVT","%","NVT","OW","M9",NA,"BER","2000-01-01",NA,"MAF_srtKDP"
100100172,"KRW maatlatten 2018 - Macrofauna","SOORTADL","Soortenaandeel","MAF_soortDN","Macrofauna - soort dominant negatief","NVT","%","NVT","OW","M9",NA,"BER","2000-01-01",NA,"MAF_ ADLidAK"
100100173,"KRW maatlatten 2018 - Macrofauna","SOORTADL","Soortenaandeel","MAF_soortDN","Macrofauna - soort dominant negatief","NVT","%","NVT","OW","M10",NA,"BER","2000-01-01",NA,"MAF_ ADLidAK"
100100174,"KRW maatlatten 2018 - Macrofauna","SOORTADL","Soortenaandeel","MAF_soortK","Macrofauna - soort kenmerkend","NVT","%","NVT","OW","M11",NA,"BER","2000-01-01",NA,"SRTRDMreltot"
100100175,"KRW maatlatten 2018 - Macrofauna","SOORTADL","Soortenaandeel","MAF_soortKDP","Macrofauna - soort kenmerkend en/of dominant positief","NVT","%","NVT","OW","M11",NA,"BER","2000-01-01",NA,"MAF_srtKDP"
100100176,"KRW maatlatten 2018 - Macrofauna","SOORTADL","Soortenaandeel","MAF_soortDN","Macrofauna - soort dominant negatief","NVT","%","NVT","OW","M11",NA,"BER","2000-01-01",NA,"MAF_ ADLidAK"
100100177,"KRW maatlatten 2018 - Macrofauna","SOORTADL","Soortenaandeel","MAF_soortK","Macrofauna - soort kenmerkend","NVT","%","NVT","OW","M12",NA,"BER","2000-01-01",NA,"SRTRDMreltot"
100100178,"KRW maatlatten 2018 - Macrofauna","SOORTADL","Soortenaandeel","MAF_soortKDP","Macrofauna - soort kenmerkend en/of dominant positief","NVT","%","NVT","OW","M12",NA,"BER","2000-01-01",NA,"MAF_srtKDP"
100100179,"KRW maatlatten 2018 - Macrofauna","SOORTADL","Soortenaandeel","MAF_soortDN","Macrofauna - soort dominant negatief","NVT","%","NVT","OW","M12",NA,"BER","2000-01-01",NA,"MAF_ ADLidAK"
100100180,"KRW maatlatten 2018 - Macrofauna","SOORTADL","Soortenaandeel","MAF_soortK","Macrofauna - soort kenmerkend","NVT","%","NVT","OW","M13",NA,"BER","2000-01-01",NA,"SRTRDMreltot"
100100181,"KRW maatlatten 2018 - Macrofauna","SOORTADL","Soortenaandeel","MAF_soortKDP","Macrofauna - soort kenmerkend en/of dominant positief","NVT","%","NVT","OW","M13",NA,"BER","2000-01-01",NA,"MAF_srtKDP"
100100182,"KRW maatlatten 2018 - Macrofauna","SOORTADL","Soortenaandeel","MAF_soortDN","Macrofauna - soort dominant negatief","NVT","%","NVT","OW","M13",NA,"BER","2000-01-01",NA,"MAF_ ADLidAK"
100100183,"KRW maatlatten 2018 - Macrofauna","SOORTADL","Soortenaandeel","MAF_soortK","Macrofauna - soort kenmerkend","NVT","%","NVT","OW","M14",NA,"BER","2000-01-01",NA,"SRTRDMreltot"
100100184,"KRW maatlatten 2018 - Macrofauna","SOORTADL","Soortenaandeel","MAF_soortKDP","Macrofauna - soort kenmerkend en/of dominant positief","NVT","%","NVT","OW","M14",NA,"BER","2000-01-01",NA,"MAF_srtKDP"
100100185,"KRW maatlatten 2018 - Macrofauna","SOORTADL","Soortenaandeel","MAF_soortDN","Macrofauna - soort dominant negatief","NVT","%","NVT","OW","M14",NA,"BER","2000-01-01",NA,"MAF_ ADLidAK"
100100186,"KRW maatlatten 2018 - Macrofauna","SOORTADL","Soortenaandeel","MAF_soortK","Macrofauna - soort kenmerkend","NVT","%","NVT","OW","M16",NA,"BER","2000-01-01",NA,"SRTRDMreltot"
100100187,"KRW maatlatten 2018 - Macrofauna","SOORTADL","Soortenaandeel","MAF_soortKDP","Macrofauna - soort kenmerkend en/of dominant positief","NVT","%","NVT","OW","M16",NA,"BER","2000-01-01",NA,"MAF_srtKDP"
100100188,"KRW maatlatten 2018 - Macrofauna","SOORTADL","Soortenaandeel","MAF_soortDN","Macrofauna - soort dominant negatief","NVT","%","NVT","OW","M16",NA,"BER","2000-01-01",NA,"MAF_ ADLidAK"
100100189,"KRW maatlatten 2018 - Macrofauna","SOORTADL","Soortenaandeel","MAF_soortK","Macrofauna - soort kenmerkend","NVT","%","NVT","OW","M17",NA,"BER","2000-01-01",NA,"SRTRDMreltot"
100100190,"KRW maatlatten 2018 - Macrofauna","SOORTADL","Soortenaandeel","MAF_soortKDP","Macrofauna - soort kenmerkend en/of dominant positief","NVT","%","NVT","OW","M17",NA,"BER","2000-01-01",NA,"MAF_srtKDP"
100100191,"KRW maatlatten 2018 - Macrofauna","SOORTADL","Soortenaandeel","MAF_soortDN","Macrofauna - soort dominant negatief","NVT","%","NVT","OW","M17",NA,"BER","2000-01-01",NA,"MAF_ ADLidAK"
100100192,"KRW maatlatten 2018 - Macrofauna","SOORTADL","Soortenaandeel","MAF_soortK","Macrofauna - soort kenmerkend","NVT","%","NVT","OW","M18",NA,"BER","2000-01-01",NA,"SRTRDMreltot"
100100193,"KRW maatlatten 2018 - Macrofauna","SOORTADL","Soortenaandeel","MAF_soortKDP","Macrofauna - soort kenmerkend en/of dominant positief","NVT","%","NVT","OW","M18",NA,"BER","2000-01-01",NA,"MAF_srtKDP"
100100194,"KRW maatlatten 2018 - Macrofauna","SOORTADL","Soortenaandeel","MAF_soortDN","Macrofauna - soort dominant negatief","NVT","%","NVT","OW","M18",NA,"BER","2000-01-01",NA,"MAF_ ADLidAK"
100100195,"KRW maatlatten 2018 - Macrofauna","SOORTADL","Soortenaandeel","MAF_soortK","Macrofauna - soort kenmerkend","NVT","%","NVT","OW","M20",NA,"BER","2000-01-01",NA,"SRTRDMreltot"
100100196,"KRW maatlatten 2018 - Macrofauna","SOORTADL","Soortenaandeel","MAF_soortKDP","Macrofauna - soort kenmerkend en/of dominant positief","NVT","%","NVT","OW","M20",NA,"BER","2000-01-01",NA,"MAF_srtKDP"
100100197,"KRW maatlatten 2018 - Macrofauna","SOORTADL","Soortenaandeel","MAF_soortDN","Macrofauna - soort dominant negatief","NVT","%","NVT","OW","M20",NA,"BER","2000-01-01",NA,"MAF_ ADLidAK"
100100198,"KRW maatlatten 2018 - Macrofauna","SOORTADL","Soortenaandeel","MAF_soortK","Macrofauna - soort kenmerkend","NVT","%","NVT","OW","M22",NA,"BER","2000-01-01",NA,"SRTRDMreltot"
100100199,"KRW maatlatten 2018 - Macrofauna","SOORTADL","Soortenaandeel","MAF_soortKDP","Macrofauna - soort kenmerkend en/of dominant positief","NVT","%","NVT","OW","M22",NA,"BER","2000-01-01",NA,"MAF_srtKDP"
100100200,"KRW maatlatten 2018 - Macrofauna","SOORTADL","Soortenaandeel","MAF_soortDN","Macrofauna - soort dominant negatief","NVT","%","NVT","OW","M22",NA,"BER","2000-01-01",NA,"MAF_ ADLidAK"
100100201,"KRW maatlatten 2018 - Macrofauna","SOORTADL","Soortenaandeel","MAF_soortK","Macrofauna - soort kenmerkend","NVT","%","NVT","OW","M23",NA,"BER","2000-01-01",NA,"SRTRDMreltot"
100100202,"KRW maatlatten 2018 - Macrofauna","SOORTADL","Soortenaandeel","MAF_soortKDP","Macrofauna - soort kenmerkend en/of dominant positief","NVT","%","NVT","OW","M23",NA,"BER","2000-01-01",NA,"MAF_srtKDP"
100100203,"KRW maatlatten 2018 - Macrofauna","SOORTADL","Soortenaandeel","MAF_soortDN","Macrofauna - soort dominant negatief","NVT","%","NVT","OW","M23",NA,"BER","2000-01-01",NA,"MAF_ ADLidAK"
100100204,"KRW maatlatten 2018 - Macrofauna","SOORTADL","Soortenaandeel","MAF_soortK","Macrofauna - soort kenmerkend","NVT","%","NVT","OW","M25",NA,"BER","2000-01-01",NA,"SRTRDMreltot"
100100205,"KRW maatlatten 2018 - Macrofauna","SOORTADL","Soortenaandeel","MAF_soortKDP","Macrofauna - soort kenmerkend en/of dominant positief","NVT","%","NVT","OW","M25",NA,"BER","2000-01-01",NA,"MAF_srtKDP"
100100206,"KRW maatlatten 2018 - Macrofauna","SOORTADL","Soortenaandeel","MAF_soortDN","Macrofauna - soort dominant negatief","NVT","%","NVT","OW","M25",NA,"BER","2000-01-01",NA,"MAF_ ADLidAK"
100100207,"KRW maatlatten 2018 - Macrofauna","SOORTADL","Soortenaandeel","MAF_soortK","Macrofauna - soort kenmerkend","NVT","%","NVT","OW","M26",NA,"BER","2000-01-01",NA,"SRTRDMreltot"
100100208,"KRW maatlatten 2018 - Macrofauna","SOORTADL","Soortenaandeel","MAF_soortKDP","Macrofauna - soort kenmerkend en/of dominant positief","NVT","%","NVT","OW","M26",NA,"BER","2000-01-01",NA,"MAF_srtKDP"
100100209,"KRW maatlatten 2018 - Macrofauna","SOORTADL","Soortenaandeel","MAF_soortDN","Macrofauna - soort dominant negatief","NVT","%","NVT","OW","M26",NA,"BER","2000-01-01",NA,"MAF_ ADLidAK"
100100210,"KRW maatlatten 2018 - Macrofauna","SOORTADL","Soortenaandeel","MAF_soortK","Macrofauna - soort kenmerkend","NVT","%","NVT","OW","M27",NA,"BER","2000-01-01",NA,"SRTRDMreltot"
100100211,"KRW maatlatten 2018 - Macrofauna","SOORTADL","Soortenaandeel","MAF_soortKDP","Macrofauna - soort kenmerkend en/of dominant positief","NVT","%","NVT","OW","M27",NA,"BER","2000-01-01",NA,"MAF_srtKDP"
100100212,"KRW maatlatten 2018 - Macrofauna","SOORTADL","Soortenaandeel","MAF_soortDN","Macrofauna - soort dominant negatief","NVT","%","NVT","OW","M27",NA,"BER","2000-01-01",NA,"MAF_ ADLidAK"
100100213,"KRW maatlatten 2018 - Macrofauna","SOORTADL","Soortenaandeel","MAF_soortDP","Macrofauna - soort dominant positief","NVT","DIMSLS","NVT","OW","M30",NA,"BER","2000-01-01",NA,"MAF_ ADLidAK"
100100214,"KRW maatlatten 2018 - Macrofauna","SOORTADL","Soortenaandeel","MAF_soortDN","Macrofauna - soort dominant negatief","NVT","DIMSLS","NVT","OW","M30",NA,"BER","2000-01-01",NA,"MAF_ ADLidAK"
100100215,"KRW maatlatten 2018 - Macrofauna","SOORTADL","Soortenaandeel","MAF_soortK","Macrofauna - soort kenmerkend","NVT","%","NVT","OW","M31",NA,"BER","2000-01-01",NA,"SRTRDMreltot"
100100216,"KRW maatlatten 2018 - Macrofauna","SOORTADL","Soortenaandeel","MAF_soortKDP","Macrofauna - soort kenmerkend en/of dominant positief","NVT","%","NVT","OW","M31",NA,"BER","2000-01-01",NA,"MAF_srtKDP"
100100217,"KRW maatlatten 2018 - Macrofauna","SOORTADL","Soortenaandeel","MAF_soortDN","Macrofauna - soort dominant negatief","NVT","%","NVT","OW","M31",NA,"BER","2000-01-01",NA,"MAF_ ADLidAK"
100100218,"KRW maatlatten 2018 - Macrofauna","SOORTADL","Soortenaandeel","MAF_srtZOETp","Macrofauna - zoetwatersoorten profundaal","NVT","DIMSLS","EKR","PM","R8",NA,"BER","2000-01-01",NA,"SRTADLind"
100100219,"KRW maatlatten 2018 - Macrofauna","SOORTADL","Soortenaandeel","MAF_srtZOETl","Macrofauna - zoetwatersoorten litoraal","NVT","DIMSLS","EKR","LM","R8",NA,"BER","2000-01-01",NA,"SRTADLind"
100100220,"KRW maatlatten 2018 - Macrofauna","SOORTADL","Soortenaandeel","MAF_soortK","Macrofauna - soort kenmerkend","NVT","%","NVT","OW","R4a",NA,"BER","2000-01-01",NA,"SRTRDMreltot"
100100221,"KRW maatlatten 2018 - Macrofauna","SOORTADL","Soortenaandeel","MAF_soortK","Macrofauna - soort kenmerkend","NVT","%","NVT","OW","R19",NA,"BER","2000-01-01",NA,"SRTRDMreltot"
100100222,"KRW maatlatten 2018 - Macrofauna","SOORTADL","Soortenaandeel","MAF_soortKDP","Macrofauna - soort kenmerkend en/of dominant positief","NVT","%","NVT","OW","R4a",NA,"BER","2000-01-01",NA,"MAF_srtKDP"
100100223,"KRW maatlatten 2018 - Macrofauna","SOORTADL","Soortenaandeel","MAF_soortKDP","Macrofauna - soort kenmerkend en/of dominant positief","NVT","%","NVT","OW","R19",NA,"BER","2000-01-01",NA,"MAF_srtKDP"
100100224,"KRW maatlatten 2018 - Macrofauna","SOORTADL","Soortenaandeel","MAF_soortDN","Macrofauna - soort dominant negatief","NVT","%","NVT","OW","R4a",NA,"BER","2000-01-01",NA,"MAF_ ADLidAK"
100100225,"KRW maatlatten 2018 - Macrofauna","SOORTADL","Soortenaandeel","MAF_soortDN","Macrofauna - soort dominant negatief","NVT","%","NVT","OW","R19",NA,"BER","2000-01-01",NA,"MAF_ ADLidAK"
100100226,"KRW maatlatten 2018 - Macrofauna","SOORTADL","Soortenaandeel","MAF_soortK","Macrofauna - soort kenmerkend","NVT","%","NVT","OW","M21a",NA,"BER","2000-01-01",NA,"SRTRDMreltot"
100100227,"KRW maatlatten 2018 - Macrofauna","SOORTADL","Soortenaandeel","MAF_soortKDP","Macrofauna - soort kenmerkend en/of dominant positief","NVT","%","NVT","OW","M21a",NA,"BER","2000-01-01",NA,"MAF_srtKDP"
100100228,"KRW maatlatten 2018 - Macrofauna","SOORTADL","Soortenaandeel","MAF_soortDN","Macrofauna - soort dominant negatief","NVT","%","NVT","OW","M21a",NA,"BER","2000-01-01",NA,"MAF_ ADLidAK"
100100229,"KRW maatlatten 2018 - Macrofauna","SOORTADL","Soortenaandeel","MAF_soortK","Macrofauna - soort kenmerkend","NVT","%","NVT","OW","R4b",NA,"BER","2000-01-01",NA,"SRTRDMreltot"
100100230,"KRW maatlatten 2018 - Macrofauna","SOORTADL","Soortenaandeel","MAF_soortKDP","Macrofauna - soort kenmerkend en/of dominant positief","NVT","%","NVT","OW","R4b",NA,"BER","2000-01-01",NA,"MAF_srtKDP"
100100231,"KRW maatlatten 2018 - Macrofauna","SOORTADL","Soortenaandeel","MAF_soortDN","Macrofauna - soort dominant negatief","NVT","%","NVT","OW","R4b",NA,"BER","2000-01-01",NA,"MAF_ ADLidAK"
100100232,"KRW maatlatten 2018 - Macrofauna","SOORTADL","Soortenaandeel","MAF_soortK","Macrofauna - soort kenmerkend","NVT","%","NVT","OW","R20",NA,"BER","2000-01-01",NA,"SRTRDMreltot"
100100233,"KRW maatlatten 2018 - Macrofauna","SOORTADL","Soortenaandeel","MAF_soortKDP","Macrofauna - soort kenmerkend en/of dominant positief","NVT","%","NVT","OW","R20",NA,"BER","2000-01-01",NA,"MAF_srtKDP"
100100234,"KRW maatlatten 2018 - Macrofauna","SOORTADL","Soortenaandeel","MAF_soortDN","Macrofauna - soort dominant negatief","NVT","%","NVT","OW","R20",NA,"BER","2000-01-01",NA,"MAF_ ADLidAK"
100100235,"KRW maatlatten 2018 - Macrofauna","SOORTADL","Soortenaandeel","MAF_soortK","Macrofauna - soort kenmerkend","NVT","%","NVT","OW","M21b",NA,"BER","2000-01-01",NA,"SRTRDMreltot"
100100236,"KRW maatlatten 2018 - Macrofauna","SOORTADL","Soortenaandeel","MAF_soortKDP","Macrofauna - soort kenmerkend en/of dominant positief","NVT","%","NVT","OW","M21b",NA,"BER","2000-01-01",NA,"MAF_srtKDP"
100100237,"KRW maatlatten 2018 - Macrofauna","SOORTADL","Soortenaandeel","MAF_soortDN","Macrofauna - soort dominant negatief","NVT","%","NVT","OW","M21b",NA,"BER","2000-01-01",NA,"MAF_ ADLidAK"
100100238,"KRW maatlatten 2018 - Macrofauna","SOORTRDM","Soortenrijkdom","MACFN","Macrofauna","NVT","n","NVT","OW","R1",NA,"BER","2000-01-01",NA,"SRTRDMaantl"
100100239,"KRW maatlatten 2018 - Macrofauna","SOORTRDM","Soortenrijkdom","MACFN","Macrofauna","NVT","n","NVT","OW","R2",NA,"BER","2000-01-01",NA,"SRTRDMaantl"
100100240,"KRW maatlatten 2018 - Macrofauna","SOORTRDM","Soortenrijkdom","MACFN","Macrofauna","NVT","n","NVT","OW","R3",NA,"BER","2000-01-01",NA,"SRTRDMaantl"
100100241,"KRW maatlatten 2018 - Macrofauna","SOORTRDM","Soortenrijkdom","MACFN","Macrofauna","NVT","n","NVT","OW","R5",NA,"BER","2000-01-01",NA,"SRTRDMaantl"
100100242,"KRW maatlatten 2018 - Macrofauna","SOORTRDM","Soortenrijkdom","MACFN","Macrofauna","NVT","n","NVT","OW","R6",NA,"BER","2000-01-01",NA,"SRTRDMaantl"
100100243,"KRW maatlatten 2018 - Macrofauna","SOORTRDM","Soortenrijkdom","MACFN","Macrofauna","NVT","n","NVT","OW","R7",NA,"BER","2000-01-01",NA,"SRTRDMaantl"
100100244,"KRW maatlatten 2018 - Macrofauna","SOORTRDM","Soortenrijkdom","MAF_famEPT","Macrofauna - familie Ephemeroptera, Plecoptera, Trichoptera","NVT","n","NVT","OW","R7",NA,"BER","2000-01-01",NA,"MAF_famEPT"
100100245,"KRW maatlatten 2018 - Macrofauna","SOORTRDM","Soortenrijkdom","MACFN","Macrofauna","NVT","n","NVT","OW","R11",NA,"BER","2000-01-01",NA,"SRTRDMaantl"
100100246,"KRW maatlatten 2018 - Macrofauna","SOORTRDM","Soortenrijkdom","MACFN","Macrofauna","NVT","n","NVT","OW","R12",NA,"BER","2000-01-01",NA,"SRTRDMaantl"
100100247,"KRW maatlatten 2018 - Macrofauna","SOORTRDM","Soortenrijkdom","MACFN","Macrofauna","NVT","n","NVT","OW","R13",NA,"BER","2000-01-01",NA,"SRTRDMaantl"
100100248,"KRW maatlatten 2018 - Macrofauna","SOORTRDM","Soortenrijkdom","MACFN","Macrofauna","NVT","n","NVT","OW","R14",NA,"BER","2000-01-01",NA,"SRTRDMaantl"
100100249,"KRW maatlatten 2018 - Macrofauna","SOORTRDM","Soortenrijkdom","MACFN","Macrofauna","NVT","n","NVT","OW","R15",NA,"BER","2000-01-01",NA,"SRTRDMaantl"
100100250,"KRW maatlatten 2018 - Macrofauna","SOORTRDM","Soortenrijkdom","MACFN","Macrofauna","NVT","n","NVT","OW","R16",NA,"BER","2000-01-01",NA,"SRTRDMaantl"
100100251,"KRW maatlatten 2018 - Macrofauna","SOORTRDM","Soortenrijkdom","MAF_famEPT","Macrofauna - familie Ephemeroptera, Plecoptera, Trichoptera","NVT","n","NVT","OW","R16",NA,"BER","2000-01-01",NA,"MAF_famEPT"
100100252,"KRW maatlatten 2018 - Macrofauna","SOORTRDM","Soortenrijkdom","MACFN","Macrofauna","NVT","n","NVT","OW","R17",NA,"BER","2000-01-01",NA,"SRTRDMaantl"
100100253,"KRW maatlatten 2018 - Macrofauna","SOORTRDM","Soortenrijkdom","MACFN","Macrofauna","NVT","n","NVT","OW","R18",NA,"BER","2000-01-01",NA,"SRTRDMaantl"
100100254,"KRW maatlatten 2018 - Macrofauna","SOORTRDM","Soortenrijkdom","MAF_soortDP","Macrofauna - soort dominant positief","NVT","n","NVT","OW","M1a",NA,"BER","2000-01-01",NA,"SRTRDMaantl"
100100255,"KRW maatlatten 2018 - Macrofauna","SOORTRDM","Soortenrijkdom","MAF_soortDP","Macrofauna - soort dominant positief","NVT","n","NVT","OW","M1b",NA,"BER","2000-01-01",NA,"SRTRDMaantl"
100100256,"KRW maatlatten 2018 - Macrofauna","SOORTRDM","Soortenrijkdom","MAF_soortDP","Macrofauna - soort dominant positief","NVT","n","NVT","OW","M2",NA,"BER","2000-01-01",NA,"SRTRDMaantl"
100100257,"KRW maatlatten 2018 - Macrofauna","SOORTRDM","Soortenrijkdom","MAF_soortDP","Macrofauna - soort dominant positief","NVT","n","NVT","OW","M3",NA,"BER","2000-01-01",NA,"SRTRDMaantl"
100100258,"KRW maatlatten 2018 - Macrofauna","SOORTRDM","Soortenrijkdom","MAF_soortDP","Macrofauna - soort dominant positief","NVT","n","NVT","OW","M4",NA,"BER","2000-01-01",NA,"SRTRDMaantl"
100100259,"KRW maatlatten 2018 - Macrofauna","SOORTRDM","Soortenrijkdom","MACFN","Macrofauna","NVT","n","NVT","OW","M5",NA,"BER","2000-01-01",NA,"SRTRDMaantl"
100100260,"KRW maatlatten 2018 - Macrofauna","SOORTRDM","Soortenrijkdom","MAF_soortDP","Macrofauna - soort dominant positief","NVT","n","NVT","OW","M6a",NA,"BER","2000-01-01",NA,"SRTRDMaantl"
100100261,"KRW maatlatten 2018 - Macrofauna","SOORTRDM","Soortenrijkdom","MAF_soortDP","Macrofauna - soort dominant positief","NVT","n","NVT","OW","M6b",NA,"BER","2000-01-01",NA,"SRTRDMaantl"
100100262,"KRW maatlatten 2018 - Macrofauna","SOORTRDM","Soortenrijkdom","MAF_soortDP","Macrofauna - soort dominant positief","NVT","n","NVT","OW","M7a",NA,"BER","2000-01-01",NA,"SRTRDMaantl"
100100263,"KRW maatlatten 2018 - Macrofauna","SOORTRDM","Soortenrijkdom","MAF_soortDP","Macrofauna - soort dominant positief","NVT","n","NVT","OW","M7b",NA,"BER","2000-01-01",NA,"SRTRDMaantl"
100100264,"KRW maatlatten 2018 - Macrofauna","SOORTRDM","Soortenrijkdom","MAF_soortDP","Macrofauna - soort dominant positief","NVT","n","NVT","OW","M8",NA,"BER","2000-01-01",NA,"SRTRDMaantl"
100100265,"KRW maatlatten 2018 - Macrofauna","SOORTRDM","Soortenrijkdom","MACFN","Macrofauna","NVT","n","NVT","OW","M9",NA,"BER","2000-01-01",NA,"SRTRDMaantl"
100100266,"KRW maatlatten 2018 - Macrofauna","SOORTRDM","Soortenrijkdom","MAF_soortDP","Macrofauna - soort dominant positief","NVT","n","NVT","OW","M10",NA,"BER","2000-01-01",NA,"SRTRDMaantl"
100100267,"KRW maatlatten 2018 - Macrofauna","SOORTRDM","Soortenrijkdom","MACFN","Macrofauna","NVT","n","NVT","OW","M11",NA,"BER","2000-01-01",NA,"SRTRDMaantl"
100100268,"KRW maatlatten 2018 - Macrofauna","SOORTRDM","Soortenrijkdom","MACFN","Macrofauna","NVT","n","NVT","OW","M12",NA,"BER","2000-01-01",NA,"SRTRDMaantl"
100100269,"KRW maatlatten 2018 - Macrofauna","SOORTRDM","Soortenrijkdom","MACFN","Macrofauna","NVT","n","NVT","OW","M13",NA,"BER","2000-01-01",NA,"SRTRDMaantl"
100100270,"KRW maatlatten 2018 - Macrofauna","SOORTRDM","Soortenrijkdom","MACFN","Macrofauna","NVT","n","NVT","OW","M14",NA,"BER","2000-01-01",NA,"SRTRDMaantl"
100100271,"KRW maatlatten 2018 - Macrofauna","SOORTRDM","Soortenrijkdom","MACFN","Macrofauna","NVT","n","NVT","OW","M16",NA,"BER","2000-01-01",NA,"SRTRDMaantl"
100100272,"KRW maatlatten 2018 - Macrofauna","SOORTRDM","Soortenrijkdom","MACFN","Macrofauna","NVT","n","NVT","OW","M17",NA,"BER","2000-01-01",NA,"SRTRDMaantl"
100100273,"KRW maatlatten 2018 - Macrofauna","SOORTRDM","Soortenrijkdom","MACFN","Macrofauna","NVT","n","NVT","OW","M18",NA,"BER","2000-01-01",NA,"SRTRDMaantl"
100100274,"KRW maatlatten 2018 - Macrofauna","SOORTRDM","Soortenrijkdom","MACFN","Macrofauna","NVT","n","NVT","OW","M20",NA,"BER","2000-01-01",NA,"SRTRDMaantl"
100100275,"KRW maatlatten 2018 - Macrofauna","SOORTRDM","Soortenrijkdom","MACFN","Macrofauna","NVT","n","NVT","OW","M22",NA,"BER","2000-01-01",NA,"SRTRDMaantl"
100100276,"KRW maatlatten 2018 - Macrofauna","SOORTRDM","Soortenrijkdom","MACFN","Macrofauna","NVT","n","NVT","OW","M23",NA,"BER","2000-01-01",NA,"SRTRDMaantl"
100100277,"KRW maatlatten 2018 - Macrofauna","SOORTRDM","Soortenrijkdom","MACFN","Macrofauna","NVT","n","NVT","OW","M25",NA,"BER","2000-01-01",NA,"SRTRDMaantl"
100100278,"KRW maatlatten 2018 - Macrofauna","SOORTRDM","Soortenrijkdom","MACFN","Macrofauna","NVT","n","NVT","OW","M26",NA,"BER","2000-01-01",NA,"SRTRDMaantl"
100100279,"KRW maatlatten 2018 - Macrofauna","SOORTRDM","Soortenrijkdom","MACFN","Macrofauna","NVT","n","NVT","OW","M27",NA,"BER","2000-01-01",NA,"SRTRDMaantl"
100100280,"KRW maatlatten 2018 - Macrofauna","SOORTRDM","Soortenrijkdom","MAF_soortK","Macrofauna - soort kenmerkend","NVT","n","NVT","OW","M30",NA,"BER","2000-01-01",NA,"SRTRDMaantl"
100100281,"KRW maatlatten 2018 - Macrofauna","SOORTRDM","Soortenrijkdom","MACFN","Macrofauna","NVT","n","NVT","OW","M30",NA,"BER","2000-01-01",NA,"SRTRDMaantl"
100100282,"KRW maatlatten 2018 - Macrofauna","SOORTRDM","Soortenrijkdom","MAF_soortDP","Macrofauna - soort dominant positief","NVT","DIMSLS","NVT","OW","M30",NA,"BER","2000-01-01",NA,"SRTRDMreltot"
100100283,"KRW maatlatten 2018 - Macrofauna","SOORTRDM","Soortenrijkdom","MAF_soortDN","Macrofauna - soort dominant negatief","NVT","DIMSLS","NVT","OW","M30",NA,"BER","2000-01-01",NA,"SRTRDMreltot"
100100284,"KRW maatlatten 2018 - Macrofauna","SOORTRDM","Soortenrijkdom","MACFN","Macrofauna","NVT","n","NVT","OW","M31",NA,"BER","2000-01-01",NA,"SRTRDMaantl"
100100285,"KRW maatlatten 2018 - Macrofauna","SOORTRDM","Soortenrijkdom","MACFN","Macrofauna","NVT","DIMSLS","EKR","PM","R8",NA,"BER","2000-01-01",NA,"MAF_DIV-S_R8"
100100286,"KRW maatlatten 2018 - Macrofauna","SOORTRDM","Soortenrijkdom","MACFN","Macrofauna","NVT","DIMSLS","EKR","LM","R8",NA,"BER","2000-01-01",NA,"MAF_DIV-S_R8"
100100287,"KRW maatlatten 2018 - Macrofauna","SOORTRDM","Soortenrijkdom","MAF_gildeVx","Macrofauna - voedselgildes","NVT","DIMSLS","EKR","PM","R8",NA,"BER","2000-01-01",NA,"MAF_VOEDW_R8"
100100288,"KRW maatlatten 2018 - Macrofauna","SOORTRDM","Soortenrijkdom","MAF_srtVSind","Macrofauna - indicerende soorten -(3) vervuild sediment","NVT","DIMSLS","EKR","PM","R8",NA,"BER","2000-01-01",NA,"MAF_SDV-S_R8"
100100289,"KRW maatlatten 2018 - Macrofauna","SOORTRDM","Soortenrijkdom","MAF_AMBI-B","Macrofauna - soort gevoelig volgens AMBI Borja","NVT","DIMSLS","EKR","OW","M32",NA,"BER","2000-01-01",NA,"MAF_AMBI-B"
100100290,"KRW maatlatten 2018 - Macrofauna","SOORTRDM","Soortenrijkdom","","","","DIMSLS","EKR","OW","M32",NA,"BER","2000-01-01",NA,"MAF_SRD_zout"
100100291,"KRW maatlatten 2018 - Macrofauna","SOORTRDM","Soortenrijkdom","MAF_AMBI-B","Macrofauna - soort gevoelig volgens AMBI Borja","NVT","DIMSLS","EKR","OW","K1",NA,"BER","2000-01-01",NA,"MAF_AMBI-B"
100100292,"KRW maatlatten 2018 - Macrofauna","SOORTRDM","Soortenrijkdom","","","","DIMSLS","EKR","OW","K1",NA,"BER","2000-01-01",NA,"MAF_SRD_zout"
100100293,"KRW maatlatten 2018 - Macrofauna","SOORTRDM","Soortenrijkdom","MAF_AMBI-B","Macrofauna - soort gevoelig volgens AMBI Borja","NVT","DIMSLS","EKR","OW","K2",NA,"BER","2000-01-01",NA,"MAF_AMBI-B"
100100294,"KRW maatlatten 2018 - Macrofauna","SOORTRDM","Soortenrijkdom","","","","DIMSLS","EKR","OW","K2",NA,"BER","2000-01-01",NA,"MAF_SRD_zout"
100100295,"KRW maatlatten 2018 - Macrofauna","SOORTRDM","Soortenrijkdom","MAF_AMBI-B","Macrofauna - soort gevoelig volgens AMBI Borja","NVT","DIMSLS","EKR","OW","K3",NA,"BER","2000-01-01",NA,"MAF_AMBI-B"
100100296,"KRW maatlatten 2018 - Macrofauna","SOORTRDM","Soortenrijkdom","","","","DIMSLS","EKR","OW","K3",NA,"BER","2000-01-01",NA,"MAF_SRD_zout"
100100297,"KRW maatlatten 2018 - Macrofauna","SOORTRDM","Soortenrijkdom","MACFN","Macrofauna","NVT","n","NVT","OW","R4a",NA,"BER","2000-01-01",NA,"SRTRDMaantl"
100100298,"KRW maatlatten 2018 - Macrofauna","SOORTRDM","Soortenrijkdom","MACFN","Macrofauna","NVT","n","NVT","OW","R19",NA,"BER","2000-01-01",NA,"SRTRDMaantl"
100100299,"KRW maatlatten 2018 - Macrofauna","SOORTRDM","Soortenrijkdom","MACFN","Macrofauna","NVT","n","NVT","OW","M21a",NA,"BER","2000-01-01",NA,"SRTRDMaantl"
100100300,"KRW maatlatten 2018 - Macrofauna","SOORTRDM","Soortenrijkdom","MACFN","Macrofauna","NVT","n","NVT","OW","R4b",NA,"BER","2000-01-01",NA,"SRTRDMaantl"
100100301,"KRW maatlatten 2018 - Macrofauna","SOORTRDM","Soortenrijkdom","MACFN","Macrofauna","NVT","n","NVT","OW","R20",NA,"BER","2000-01-01",NA,"SRTRDMaantl"
100100302,"KRW maatlatten 2018 - Macrofauna","SOORTRDM","Soortenrijkdom","MACFN","Macrofauna","NVT","n","NVT","OW","M21b",NA,"BER","2000-01-01",NA,"SRTRDMaantl"
100100303,"KRW maatlatten 2018 - Macrofauna","SOORTRDM","Soortenrijkdom","MAF_AMBI-B","Macrofauna - soort gevoelig volgens AMBI Borja","NVT","DIMSLS","EKR","OW","O2a",NA,"BER","2000-01-01",NA,"MAF_AMBI-B"
100100304,"KRW maatlatten 2018 - Macrofauna","SOORTRDM","Soortenrijkdom","","","","DIMSLS","EKR","OW","O2a",NA,"BER","2000-01-01",NA,"MAF_SRD_zout"
100100305,"KRW maatlatten 2018 - Macrofauna","SOORTRDM","Soortenrijkdom","MAF_AMBI-B","Macrofauna - soort gevoelig volgens AMBI Borja","NVT","DIMSLS","EKR","OW","O2b",NA,"BER","2000-01-01",NA,"MAF_AMBI-B"
100100306,"KRW maatlatten 2018 - Macrofauna","SOORTRDM","Soortenrijkdom","","","","DIMSLS","EKR","OW","O2b",NA,"BER","2000-01-01",NA,"MAF_SRD_zout"
