"ID_classificatie","bron","Grootheid.code","Grootheid.omschrijving","Parameter.code","Parameter.omschrijving","CAS.nummer","Eenheid.code","Hoedanigheid.code","Compartiment.code","KRWwatertype.code","Waardebewerkingmethode.code","Begindatum","Einddatum","Bijzondere.Omstandigheid"
100400001,"KRW fysisch-chemisch uit maatlatten 2018","CONCTTE","(massa)Concentratie","Cl","chloride","16887-00-6","mg/l","NVT","OW","M1a","ZGM","2000-01-01",NA,""
100400002,"KRW fysisch-chemisch uit maatlatten 2018","CONCTTE","(massa)Concentratie","Cl","chloride","16887-00-6","mg/l","NVT","OW","M1b","ZGM","2000-01-01",NA,""
100400003,"KRW fysisch-chemisch uit maatlatten 2018","CONCTTE","(massa)Concentratie","Cl","chloride","16887-00-6","mg/l","NVT","OW","M2","ZGM","2000-01-01",NA,""
100400004,"KRW fysisch-chemisch uit maatlatten 2018","CONCTTE","(massa)Concentratie","Cl","chloride","16887-00-6","mg/l","NVT","OW","M3","ZGM","2000-01-01",NA,""
100400005,"KRW fysisch-chemisch uit maatlatten 2018","CONCTTE","(massa)Concentratie","Cl","chloride","16887-00-6","mg/l","NVT","OW","M4","ZGM","2000-01-01",NA,""
100400006,"KRW fysisch-chemisch uit maatlatten 2018","CONCTTE","(massa)Concentratie","Cl","chloride","16887-00-6","mg/l","NVT","OW","M5","ZGM","2000-01-01",NA,""
100400007,"KRW fysisch-chemisch uit maatlatten 2018","CONCTTE","(massa)Concentratie","Cl","chloride","16887-00-6","mg/l","NVT","OW","M6a","ZGM","2000-01-01",NA,""
100400008,"KRW fysisch-chemisch uit maatlatten 2018","CONCTTE","(massa)Concentratie","Cl","chloride","16887-00-6","mg/l","NVT","OW","M6b","ZGM","2000-01-01",NA,""
100400009,"KRW fysisch-chemisch uit maatlatten 2018","CONCTTE","(massa)Concentratie","Cl","chloride","16887-00-6","mg/l","NVT","OW","M7a","ZGM","2000-01-01",NA,""
100400010,"KRW fysisch-chemisch uit maatlatten 2018","CONCTTE","(massa)Concentratie","Cl","chloride","16887-00-6","mg/l","NVT","OW","M7b","ZGM","2000-01-01",NA,""
100400011,"KRW fysisch-chemisch uit maatlatten 2018","CONCTTE","(massa)Concentratie","Cl","chloride","16887-00-6","mg/l","NVT","OW","M8","ZGM","2000-01-01",NA,""
100400012,"KRW fysisch-chemisch uit maatlatten 2018","CONCTTE","(massa)Concentratie","Cl","chloride","16887-00-6","mg/l","NVT","OW","M9","ZGM","2000-01-01",NA,""
100400013,"KRW fysisch-chemisch uit maatlatten 2018","CONCTTE","(massa)Concentratie","Cl","chloride","16887-00-6","mg/l","NVT","OW","M10","ZGM","2000-01-01",NA,""
100400014,"KRW fysisch-chemisch uit maatlatten 2018","CONCTTE","(massa)Concentratie","Cl","chloride","16887-00-6","mg/l","NVT","OW","M11","ZGM","2000-01-01",NA,""
100400015,"KRW fysisch-chemisch uit maatlatten 2018","CONCTTE","(massa)Concentratie","Cl","chloride","16887-00-6","mg/l","NVT","OW","M12","ZGM","2000-01-01",NA,""
100400016,"KRW fysisch-chemisch uit maatlatten 2018","CONCTTE","(massa)Concentratie","Cl","chloride","16887-00-6","mg/l","NVT","OW","M13","ZGM","2000-01-01",NA,""
100400017,"KRW fysisch-chemisch uit maatlatten 2018","CONCTTE","(massa)Concentratie","Cl","chloride","16887-00-6","mg/l","NVT","OW","M14","ZGM","2000-01-01",NA,""
100400018,"KRW fysisch-chemisch uit maatlatten 2018","CONCTTE","(massa)Concentratie","Cl","chloride","16887-00-6","mg/l","NVT","OW","M16","ZGM","2000-01-01",NA,""
100400019,"KRW fysisch-chemisch uit maatlatten 2018","CONCTTE","(massa)Concentratie","Cl","chloride","16887-00-6","mg/l","NVT","OW","M17","ZGM","2000-01-01",NA,""
100400020,"KRW fysisch-chemisch uit maatlatten 2018","CONCTTE","(massa)Concentratie","Cl","chloride","16887-00-6","mg/l","NVT","OW","M18","ZGM","2000-01-01",NA,""
100400021,"KRW fysisch-chemisch uit maatlatten 2018","CONCTTE","(massa)Concentratie","Cl","chloride","16887-00-6","mg/l","NVT","OW","M20","ZGM","2000-01-01",NA,""
100400022,"KRW fysisch-chemisch uit maatlatten 2018","CONCTTE","(massa)Concentratie","Cl","chloride","16887-00-6","mg/l","NVT","OW","M22","ZGM","2000-01-01",NA,""
100400023,"KRW fysisch-chemisch uit maatlatten 2018","CONCTTE","(massa)Concentratie","Cl","chloride","16887-00-6","mg/l","NVT","OW","M23","ZGM","2000-01-01",NA,""
100400024,"KRW fysisch-chemisch uit maatlatten 2018","CONCTTE","(massa)Concentratie","Cl","chloride","16887-00-6","mg/l","NVT","OW","M24","ZGM","2000-01-01",NA,""
100400025,"KRW fysisch-chemisch uit maatlatten 2018","CONCTTE","(massa)Concentratie","Cl","chloride","16887-00-6","mg/l","NVT","OW","M25","ZGM","2000-01-01",NA,""
100400026,"KRW fysisch-chemisch uit maatlatten 2018","CONCTTE","(massa)Concentratie","Cl","chloride","16887-00-6","mg/l","NVT","OW","M26","ZGM","2000-01-01",NA,""
100400027,"KRW fysisch-chemisch uit maatlatten 2018","CONCTTE","(massa)Concentratie","Cl","chloride","16887-00-6","mg/l","NVT","OW","M27","ZGM","2000-01-01",NA,""
100400028,"KRW fysisch-chemisch uit maatlatten 2018","CONCTTE","(massa)Concentratie","Cl","chloride","16887-00-6","mg/l","NVT","OW","M28","ZGM","2000-01-01",NA,""
100400029,"KRW fysisch-chemisch uit maatlatten 2018","CONCTTE","(massa)Concentratie","Cl","chloride","16887-00-6","mg/l","NVT","OW","M30","ZGM","2000-01-01",NA,""
100400030,"KRW fysisch-chemisch uit maatlatten 2018","CONCTTE","(massa)Concentratie","Cl","chloride","16887-00-6","mg/l","NVT","OW","M31","ZGM","2000-01-01",NA,""
100400031,"KRW fysisch-chemisch uit maatlatten 2018","CONCTTE","(massa)Concentratie","Cl","chloride","16887-00-6","mg/l","NVT","OW","M32","ZGM","2000-01-01",NA,""
100400032,"KRW fysisch-chemisch uit maatlatten 2018","CONCTTE","(massa)Concentratie","Cl","chloride","16887-00-6","mg/l","NVT","OW","R1","ZGM","2000-01-01",NA,""
100400033,"KRW fysisch-chemisch uit maatlatten 2018","CONCTTE","(massa)Concentratie","Cl","chloride","16887-00-6","mg/l","NVT","OW","R2","ZGM","2000-01-01",NA,""
100400034,"KRW fysisch-chemisch uit maatlatten 2018","CONCTTE","(massa)Concentratie","Cl","chloride","16887-00-6","mg/l","NVT","OW","R3","ZGM","2000-01-01",NA,""
100400035,"KRW fysisch-chemisch uit maatlatten 2018","CONCTTE","(massa)Concentratie","Cl","chloride","16887-00-6","mg/l","NVT","OW","R5","ZGM","2000-01-01",NA,""
100400036,"KRW fysisch-chemisch uit maatlatten 2018","CONCTTE","(massa)Concentratie","Cl","chloride","16887-00-6","mg/l","NVT","OW","R6","ZGM","2000-01-01",NA,""
100400037,"KRW fysisch-chemisch uit maatlatten 2018","CONCTTE","(massa)Concentratie","Cl","chloride","16887-00-6","mg/l","NVT","OW","R7","ZGM","2000-01-01",NA,""
100400038,"KRW fysisch-chemisch uit maatlatten 2018","CONCTTE","(massa)Concentratie","Cl","chloride","16887-00-6","mg/l","NVT","OW","R8","ZGM","2000-01-01",NA,""
100400039,"KRW fysisch-chemisch uit maatlatten 2018","CONCTTE","(massa)Concentratie","Cl","chloride","16887-00-6","mg/l","NVT","OW","R9","ZGM","2000-01-01",NA,""
100400040,"KRW fysisch-chemisch uit maatlatten 2018","CONCTTE","(massa)Concentratie","Cl","chloride","16887-00-6","mg/l","NVT","OW","R10","ZGM","2000-01-01",NA,""
100400041,"KRW fysisch-chemisch uit maatlatten 2018","CONCTTE","(massa)Concentratie","Cl","chloride","16887-00-6","mg/l","NVT","OW","R11","ZGM","2000-01-01",NA,""
100400042,"KRW fysisch-chemisch uit maatlatten 2018","CONCTTE","(massa)Concentratie","Cl","chloride","16887-00-6","mg/l","NVT","OW","R12","ZGM","2000-01-01",NA,""
100400043,"KRW fysisch-chemisch uit maatlatten 2018","CONCTTE","(massa)Concentratie","Cl","chloride","16887-00-6","mg/l","NVT","OW","R13","ZGM","2000-01-01",NA,""
100400044,"KRW fysisch-chemisch uit maatlatten 2018","CONCTTE","(massa)Concentratie","Cl","chloride","16887-00-6","mg/l","NVT","OW","R14","ZGM","2000-01-01",NA,""
100400045,"KRW fysisch-chemisch uit maatlatten 2018","CONCTTE","(massa)Concentratie","Cl","chloride","16887-00-6","mg/l","NVT","OW","R15","ZGM","2000-01-01",NA,""
100400046,"KRW fysisch-chemisch uit maatlatten 2018","CONCTTE","(massa)Concentratie","Cl","chloride","16887-00-6","mg/l","NVT","OW","R16","ZGM","2000-01-01",NA,""
100400047,"KRW fysisch-chemisch uit maatlatten 2018","CONCTTE","(massa)Concentratie","Cl","chloride","16887-00-6","mg/l","NVT","OW","R17","ZGM","2000-01-01",NA,""
100400048,"KRW fysisch-chemisch uit maatlatten 2018","CONCTTE","(massa)Concentratie","Cl","chloride","16887-00-6","mg/l","NVT","OW","R18","ZGM","2000-01-01",NA,""
100400049,"KRW fysisch-chemisch uit maatlatten 2018","CONCTTE","(massa)Concentratie","Ptot","fosfor totaal","NVT","mg/l","P","OW","M1a","ZGM","2000-01-01",NA,""
100400050,"KRW fysisch-chemisch uit maatlatten 2018","CONCTTE","(massa)Concentratie","Ptot","fosfor totaal","NVT","mg/l","P","OW","M1b","ZGM","2000-01-01",NA,""
100400051,"KRW fysisch-chemisch uit maatlatten 2018","CONCTTE","(massa)Concentratie","Ptot","fosfor totaal","NVT","mg/l","P","OW","M2","ZGM","2000-01-01",NA,""
100400052,"KRW fysisch-chemisch uit maatlatten 2018","CONCTTE","(massa)Concentratie","Ptot","fosfor totaal","NVT","mg/l","P","OW","M3","ZGM","2000-01-01",NA,""
100400053,"KRW fysisch-chemisch uit maatlatten 2018","CONCTTE","(massa)Concentratie","Ptot","fosfor totaal","NVT","mg/l","P","OW","M4","ZGM","2000-01-01",NA,""
100400054,"KRW fysisch-chemisch uit maatlatten 2018","CONCTTE","(massa)Concentratie","Ptot","fosfor totaal","NVT","mg/l","P","OW","M5","ZGM","2000-01-01",NA,""
100400055,"KRW fysisch-chemisch uit maatlatten 2018","CONCTTE","(massa)Concentratie","Ptot","fosfor totaal","NVT","mg/l","P","OW","M6a","ZGM","2000-01-01",NA,""
100400056,"KRW fysisch-chemisch uit maatlatten 2018","CONCTTE","(massa)Concentratie","Ptot","fosfor totaal","NVT","mg/l","P","OW","M6b","ZGM","2000-01-01",NA,""
100400057,"KRW fysisch-chemisch uit maatlatten 2018","CONCTTE","(massa)Concentratie","Ptot","fosfor totaal","NVT","mg/l","P","OW","M7a","ZGM","2000-01-01",NA,""
100400058,"KRW fysisch-chemisch uit maatlatten 2018","CONCTTE","(massa)Concentratie","Ptot","fosfor totaal","NVT","mg/l","P","OW","M7b","ZGM","2000-01-01",NA,""
100400059,"KRW fysisch-chemisch uit maatlatten 2018","CONCTTE","(massa)Concentratie","Ptot","fosfor totaal","NVT","mg/l","P","OW","M8","ZGM","2000-01-01",NA,""
100400060,"KRW fysisch-chemisch uit maatlatten 2018","CONCTTE","(massa)Concentratie","Ptot","fosfor totaal","NVT","mg/l","P","OW","M9","ZGM","2000-01-01",NA,""
100400061,"KRW fysisch-chemisch uit maatlatten 2018","CONCTTE","(massa)Concentratie","Ptot","fosfor totaal","NVT","mg/l","P","OW","M10","ZGM","2000-01-01",NA,""
100400062,"KRW fysisch-chemisch uit maatlatten 2018","CONCTTE","(massa)Concentratie","Ptot","fosfor totaal","NVT","mg/l","P","OW","M11","ZGM","2000-01-01",NA,""
100400063,"KRW fysisch-chemisch uit maatlatten 2018","CONCTTE","(massa)Concentratie","Ptot","fosfor totaal","NVT","mg/l","P","OW","M12","ZGM","2000-01-01",NA,""
100400064,"KRW fysisch-chemisch uit maatlatten 2018","CONCTTE","(massa)Concentratie","Ptot","fosfor totaal","NVT","mg/l","P","OW","M13","ZGM","2000-01-01",NA,""
100400065,"KRW fysisch-chemisch uit maatlatten 2018","CONCTTE","(massa)Concentratie","Ptot","fosfor totaal","NVT","mg/l","P","OW","M14","ZGM","2000-01-01",NA,""
100400066,"KRW fysisch-chemisch uit maatlatten 2018","CONCTTE","(massa)Concentratie","Ptot","fosfor totaal","NVT","mg/l","P","OW","M16","ZGM","2000-01-01",NA,""
100400067,"KRW fysisch-chemisch uit maatlatten 2018","CONCTTE","(massa)Concentratie","Ptot","fosfor totaal","NVT","mg/l","P","OW","M17","ZGM","2000-01-01",NA,""
100400068,"KRW fysisch-chemisch uit maatlatten 2018","CONCTTE","(massa)Concentratie","Ptot","fosfor totaal","NVT","mg/l","P","OW","M18","ZGM","2000-01-01",NA,""
100400069,"KRW fysisch-chemisch uit maatlatten 2018","CONCTTE","(massa)Concentratie","Ptot","fosfor totaal","NVT","mg/l","P","OW","M20","ZGM","2000-01-01",NA,""
100400070,"KRW fysisch-chemisch uit maatlatten 2018","CONCTTE","(massa)Concentratie","Ptot","fosfor totaal","NVT","mg/l","P","OW","M22","ZGM","2000-01-01",NA,""
100400071,"KRW fysisch-chemisch uit maatlatten 2018","CONCTTE","(massa)Concentratie","Ptot","fosfor totaal","NVT","mg/l","P","OW","M23","ZGM","2000-01-01",NA,""
100400072,"KRW fysisch-chemisch uit maatlatten 2018","CONCTTE","(massa)Concentratie","Ptot","fosfor totaal","NVT","mg/l","P","OW","M24","ZGM","2000-01-01",NA,""
100400073,"KRW fysisch-chemisch uit maatlatten 2018","CONCTTE","(massa)Concentratie","Ptot","fosfor totaal","NVT","mg/l","P","OW","M25","ZGM","2000-01-01",NA,""
100400074,"KRW fysisch-chemisch uit maatlatten 2018","CONCTTE","(massa)Concentratie","Ptot","fosfor totaal","NVT","mg/l","P","OW","M26","ZGM","2000-01-01",NA,""
100400075,"KRW fysisch-chemisch uit maatlatten 2018","CONCTTE","(massa)Concentratie","Ptot","fosfor totaal","NVT","mg/l","P","OW","M27","ZGM","2000-01-01",NA,""
100400076,"KRW fysisch-chemisch uit maatlatten 2018","CONCTTE","(massa)Concentratie","Ptot","fosfor totaal","NVT","mg/l","P","OW","M28","ZGM","2000-01-01",NA,""
100400077,"KRW fysisch-chemisch uit maatlatten 2018","CONCTTE","(massa)Concentratie","Ptot","fosfor totaal","NVT","mg/l","P","OW","M30","ZGM","2000-01-01",NA,""
100400078,"KRW fysisch-chemisch uit maatlatten 2018","CONCTTE","(massa)Concentratie","Ptot","fosfor totaal","NVT","mg/l","P","OW","M31","ZGM","2000-01-01",NA,""
100400079,"KRW fysisch-chemisch uit maatlatten 2018","CONCTTE","(massa)Concentratie","Ptot","fosfor totaal","NVT","mg/l","P","OW","R1","ZGM","2000-01-01",NA,""
100400080,"KRW fysisch-chemisch uit maatlatten 2018","CONCTTE","(massa)Concentratie","Ptot","fosfor totaal","NVT","mg/l","P","OW","R2","ZGM","2000-01-01",NA,""
100400081,"KRW fysisch-chemisch uit maatlatten 2018","CONCTTE","(massa)Concentratie","Ptot","fosfor totaal","NVT","mg/l","P","OW","R3","ZGM","2000-01-01",NA,""
100400082,"KRW fysisch-chemisch uit maatlatten 2018","CONCTTE","(massa)Concentratie","Ptot","fosfor totaal","NVT","mg/l","P","OW","R5","ZGM","2000-01-01",NA,""
100400083,"KRW fysisch-chemisch uit maatlatten 2018","CONCTTE","(massa)Concentratie","Ptot","fosfor totaal","NVT","mg/l","P","OW","R6","ZGM","2000-01-01",NA,""
100400084,"KRW fysisch-chemisch uit maatlatten 2018","CONCTTE","(massa)Concentratie","Ptot","fosfor totaal","NVT","mg/l","P","OW","R7","ZGM","2000-01-01",NA,""
100400085,"KRW fysisch-chemisch uit maatlatten 2018","CONCTTE","(massa)Concentratie","Ptot","fosfor totaal","NVT","mg/l","P","OW","R8","ZGM","2000-01-01",NA,""
100400086,"KRW fysisch-chemisch uit maatlatten 2018","CONCTTE","(massa)Concentratie","Ptot","fosfor totaal","NVT","mg/l","P","OW","R9","ZGM","2000-01-01",NA,""
100400087,"KRW fysisch-chemisch uit maatlatten 2018","CONCTTE","(massa)Concentratie","Ptot","fosfor totaal","NVT","mg/l","P","OW","R10","ZGM","2000-01-01",NA,""
100400088,"KRW fysisch-chemisch uit maatlatten 2018","CONCTTE","(massa)Concentratie","Ptot","fosfor totaal","NVT","mg/l","P","OW","R11","ZGM","2000-01-01",NA,""
100400089,"KRW fysisch-chemisch uit maatlatten 2018","CONCTTE","(massa)Concentratie","Ptot","fosfor totaal","NVT","mg/l","P","OW","R12","ZGM","2000-01-01",NA,""
100400090,"KRW fysisch-chemisch uit maatlatten 2018","CONCTTE","(massa)Concentratie","Ptot","fosfor totaal","NVT","mg/l","P","OW","R13","ZGM","2000-01-01",NA,""
100400091,"KRW fysisch-chemisch uit maatlatten 2018","CONCTTE","(massa)Concentratie","Ptot","fosfor totaal","NVT","mg/l","P","OW","R14","ZGM","2000-01-01",NA,""
100400092,"KRW fysisch-chemisch uit maatlatten 2018","CONCTTE","(massa)Concentratie","Ptot","fosfor totaal","NVT","mg/l","P","OW","R15","ZGM","2000-01-01",NA,""
100400093,"KRW fysisch-chemisch uit maatlatten 2018","CONCTTE","(massa)Concentratie","Ptot","fosfor totaal","NVT","mg/l","P","OW","R16","ZGM","2000-01-01",NA,""
100400094,"KRW fysisch-chemisch uit maatlatten 2018","CONCTTE","(massa)Concentratie","Ptot","fosfor totaal","NVT","mg/l","P","OW","R17","ZGM","2000-01-01",NA,""
100400095,"KRW fysisch-chemisch uit maatlatten 2018","CONCTTE","(massa)Concentratie","Ptot","fosfor totaal","NVT","mg/l","P","OW","R18","ZGM","2000-01-01",NA,""
100400096,"KRW fysisch-chemisch uit maatlatten 2018","CONCTTE","(massa)Concentratie","Nanorg","stikstof anorganisch","NVT","mg/l","Nnf","OW","K1","WGM","2000-01-01",NA,"Nanorg_som"
100400097,"KRW fysisch-chemisch uit maatlatten 2018","CONCTTE","(massa)Concentratie","Nanorg","stikstof anorganisch","NVT","mg/l","Nnf","OW","K2","WGM","2000-01-01",NA,"Nanorg_som"
100400098,"KRW fysisch-chemisch uit maatlatten 2018","CONCTTE","(massa)Concentratie","Nanorg","stikstof anorganisch","NVT","mg/l","Nnf","OW","K3","WGM","2000-01-01",NA,"Nanorg_som"
100400099,"KRW fysisch-chemisch uit maatlatten 2018","CONCTTE","(massa)Concentratie","Ntot","stikstof totaal","NVT","mg/l","N","OW","M1a","ZGM","2000-01-01",NA,"Ntot_som"
100400100,"KRW fysisch-chemisch uit maatlatten 2018","CONCTTE","(massa)Concentratie","Ntot","stikstof totaal","NVT","mg/l","N","OW","M1b","ZGM","2000-01-01",NA,"Ntot_som"
100400101,"KRW fysisch-chemisch uit maatlatten 2018","CONCTTE","(massa)Concentratie","Ntot","stikstof totaal","NVT","mg/l","N","OW","M2","ZGM","2000-01-01",NA,"Ntot_som"
100400102,"KRW fysisch-chemisch uit maatlatten 2018","CONCTTE","(massa)Concentratie","Ntot","stikstof totaal","NVT","mg/l","N","OW","M3","ZGM","2000-01-01",NA,"Ntot_som"
100400103,"KRW fysisch-chemisch uit maatlatten 2018","CONCTTE","(massa)Concentratie","Ntot","stikstof totaal","NVT","mg/l","N","OW","M4","ZGM","2000-01-01",NA,"Ntot_som"
100400104,"KRW fysisch-chemisch uit maatlatten 2018","CONCTTE","(massa)Concentratie","Ntot","stikstof totaal","NVT","mg/l","N","OW","M5","ZGM","2000-01-01",NA,"Ntot_som"
100400105,"KRW fysisch-chemisch uit maatlatten 2018","CONCTTE","(massa)Concentratie","Ntot","stikstof totaal","NVT","mg/l","N","OW","M6a","ZGM","2000-01-01",NA,"Ntot_som"
100400106,"KRW fysisch-chemisch uit maatlatten 2018","CONCTTE","(massa)Concentratie","Ntot","stikstof totaal","NVT","mg/l","N","OW","M6b","ZGM","2000-01-01",NA,"Ntot_som"
100400107,"KRW fysisch-chemisch uit maatlatten 2018","CONCTTE","(massa)Concentratie","Ntot","stikstof totaal","NVT","mg/l","N","OW","M7a","ZGM","2000-01-01",NA,"Ntot_som"
100400108,"KRW fysisch-chemisch uit maatlatten 2018","CONCTTE","(massa)Concentratie","Ntot","stikstof totaal","NVT","mg/l","N","OW","M7b","ZGM","2000-01-01",NA,"Ntot_som"
100400109,"KRW fysisch-chemisch uit maatlatten 2018","CONCTTE","(massa)Concentratie","Ntot","stikstof totaal","NVT","mg/l","N","OW","M8","ZGM","2000-01-01",NA,"Ntot_som"
100400110,"KRW fysisch-chemisch uit maatlatten 2018","CONCTTE","(massa)Concentratie","Ntot","stikstof totaal","NVT","mg/l","N","OW","M9","ZGM","2000-01-01",NA,"Ntot_som"
100400111,"KRW fysisch-chemisch uit maatlatten 2018","CONCTTE","(massa)Concentratie","Ntot","stikstof totaal","NVT","mg/l","N","OW","M10","ZGM","2000-01-01",NA,"Ntot_som"
100400112,"KRW fysisch-chemisch uit maatlatten 2018","CONCTTE","(massa)Concentratie","Ntot","stikstof totaal","NVT","mg/l","N","OW","M11","ZGM","2000-01-01",NA,"Ntot_som"
100400113,"KRW fysisch-chemisch uit maatlatten 2018","CONCTTE","(massa)Concentratie","Ntot","stikstof totaal","NVT","mg/l","N","OW","M12","ZGM","2000-01-01",NA,"Ntot_som"
100400114,"KRW fysisch-chemisch uit maatlatten 2018","CONCTTE","(massa)Concentratie","Ntot","stikstof totaal","NVT","mg/l","N","OW","M13","ZGM","2000-01-01",NA,"Ntot_som"
100400115,"KRW fysisch-chemisch uit maatlatten 2018","CONCTTE","(massa)Concentratie","Ntot","stikstof totaal","NVT","mg/l","N","OW","M14","ZGM","2000-01-01",NA,"Ntot_som"
100400116,"KRW fysisch-chemisch uit maatlatten 2018","CONCTTE","(massa)Concentratie","Ntot","stikstof totaal","NVT","mg/l","N","OW","M16","ZGM","2000-01-01",NA,"Ntot_som"
100400117,"KRW fysisch-chemisch uit maatlatten 2018","CONCTTE","(massa)Concentratie","Ntot","stikstof totaal","NVT","mg/l","N","OW","M17","ZGM","2000-01-01",NA,"Ntot_som"
100400118,"KRW fysisch-chemisch uit maatlatten 2018","CONCTTE","(massa)Concentratie","Ntot","stikstof totaal","NVT","mg/l","N","OW","M18","ZGM","2000-01-01",NA,"Ntot_som"
100400119,"KRW fysisch-chemisch uit maatlatten 2018","CONCTTE","(massa)Concentratie","Ntot","stikstof totaal","NVT","mg/l","N","OW","M20","ZGM","2000-01-01",NA,"Ntot_som"
100400120,"KRW fysisch-chemisch uit maatlatten 2018","CONCTTE","(massa)Concentratie","Ntot","stikstof totaal","NVT","mg/l","N","OW","M22","ZGM","2000-01-01",NA,"Ntot_som"
100400121,"KRW fysisch-chemisch uit maatlatten 2018","CONCTTE","(massa)Concentratie","Ntot","stikstof totaal","NVT","mg/l","N","OW","M23","ZGM","2000-01-01",NA,"Ntot_som"
100400122,"KRW fysisch-chemisch uit maatlatten 2018","CONCTTE","(massa)Concentratie","Ntot","stikstof totaal","NVT","mg/l","N","OW","M24","ZGM","2000-01-01",NA,"Ntot_som"
100400123,"KRW fysisch-chemisch uit maatlatten 2018","CONCTTE","(massa)Concentratie","Ntot","stikstof totaal","NVT","mg/l","N","OW","M25","ZGM","2000-01-01",NA,"Ntot_som"
100400124,"KRW fysisch-chemisch uit maatlatten 2018","CONCTTE","(massa)Concentratie","Ntot","stikstof totaal","NVT","mg/l","N","OW","M26","ZGM","2000-01-01",NA,"Ntot_som"
100400125,"KRW fysisch-chemisch uit maatlatten 2018","CONCTTE","(massa)Concentratie","Ntot","stikstof totaal","NVT","mg/l","N","OW","M27","ZGM","2000-01-01",NA,"Ntot_som"
100400126,"KRW fysisch-chemisch uit maatlatten 2018","CONCTTE","(massa)Concentratie","Ntot","stikstof totaal","NVT","mg/l","N","OW","M28","ZGM","2000-01-01",NA,"Ntot_som"
100400127,"KRW fysisch-chemisch uit maatlatten 2018","CONCTTE","(massa)Concentratie","Ntot","stikstof totaal","NVT","mg/l","N","OW","M30","ZGM","2000-01-01",NA,"Ntot_som"
100400128,"KRW fysisch-chemisch uit maatlatten 2018","CONCTTE","(massa)Concentratie","Ntot","stikstof totaal","NVT","mg/l","N","OW","M31","ZGM","2000-01-01",NA,"Ntot_som"
100400129,"KRW fysisch-chemisch uit maatlatten 2018","CONCTTE","(massa)Concentratie","Nanorg","stikstof anorganisch","NVT","mg/l","Nnf","OW","M32","WGM","2000-01-01",NA,"Nanorg_som"
100400130,"KRW fysisch-chemisch uit maatlatten 2018","CONCTTE","(massa)Concentratie","Ntot","stikstof totaal","NVT","mg/l","N","OW","R1","ZGM","2000-01-01",NA,"Ntot_som"
100400131,"KRW fysisch-chemisch uit maatlatten 2018","CONCTTE","(massa)Concentratie","Ntot","stikstof totaal","NVT","mg/l","N","OW","R2","ZGM","2000-01-01",NA,"Ntot_som"
100400132,"KRW fysisch-chemisch uit maatlatten 2018","CONCTTE","(massa)Concentratie","Ntot","stikstof totaal","NVT","mg/l","N","OW","R3","ZGM","2000-01-01",NA,"Ntot_som"
100400133,"KRW fysisch-chemisch uit maatlatten 2018","CONCTTE","(massa)Concentratie","Ntot","stikstof totaal","NVT","mg/l","N","OW","R5","ZGM","2000-01-01",NA,"Ntot_som"
100400134,"KRW fysisch-chemisch uit maatlatten 2018","CONCTTE","(massa)Concentratie","Ntot","stikstof totaal","NVT","mg/l","N","OW","R6","ZGM","2000-01-01",NA,"Ntot_som"
100400135,"KRW fysisch-chemisch uit maatlatten 2018","CONCTTE","(massa)Concentratie","Ntot","stikstof totaal","NVT","mg/l","N","OW","R7","ZGM","2000-01-01",NA,"Ntot_som"
100400136,"KRW fysisch-chemisch uit maatlatten 2018","CONCTTE","(massa)Concentratie","Ntot","stikstof totaal","NVT","mg/l","N","OW","R8","ZGM","2000-01-01",NA,"Ntot_som"
100400137,"KRW fysisch-chemisch uit maatlatten 2018","CONCTTE","(massa)Concentratie","Ntot","stikstof totaal","NVT","mg/l","N","OW","R9","ZGM","2000-01-01",NA,"Ntot_som"
100400138,"KRW fysisch-chemisch uit maatlatten 2018","CONCTTE","(massa)Concentratie","Ntot","stikstof totaal","NVT","mg/l","N","OW","R10","ZGM","2000-01-01",NA,"Ntot_som"
100400139,"KRW fysisch-chemisch uit maatlatten 2018","CONCTTE","(massa)Concentratie","Ntot","stikstof totaal","NVT","mg/l","N","OW","R11","ZGM","2000-01-01",NA,"Ntot_som"
100400140,"KRW fysisch-chemisch uit maatlatten 2018","CONCTTE","(massa)Concentratie","Ntot","stikstof totaal","NVT","mg/l","N","OW","R12","ZGM","2000-01-01",NA,"Ntot_som"
100400141,"KRW fysisch-chemisch uit maatlatten 2018","CONCTTE","(massa)Concentratie","Ntot","stikstof totaal","NVT","mg/l","N","OW","R13","ZGM","2000-01-01",NA,"Ntot_som"
100400142,"KRW fysisch-chemisch uit maatlatten 2018","CONCTTE","(massa)Concentratie","Ntot","stikstof totaal","NVT","mg/l","N","OW","R14","ZGM","2000-01-01",NA,"Ntot_som"
100400143,"KRW fysisch-chemisch uit maatlatten 2018","CONCTTE","(massa)Concentratie","Ntot","stikstof totaal","NVT","mg/l","N","OW","R15","ZGM","2000-01-01",NA,"Ntot_som"
100400144,"KRW fysisch-chemisch uit maatlatten 2018","CONCTTE","(massa)Concentratie","Ntot","stikstof totaal","NVT","mg/l","N","OW","R16","ZGM","2000-01-01",NA,"Ntot_som"
100400145,"KRW fysisch-chemisch uit maatlatten 2018","CONCTTE","(massa)Concentratie","Ntot","stikstof totaal","NVT","mg/l","N","OW","R17","ZGM","2000-01-01",NA,"Ntot_som"
100400146,"KRW fysisch-chemisch uit maatlatten 2018","CONCTTE","(massa)Concentratie","Ntot","stikstof totaal","NVT","mg/l","N","OW","R18","ZGM","2000-01-01",NA,"Ntot_som"
100400147,"KRW fysisch-chemisch uit maatlatten 2018","CONCTTE","(massa)Concentratie","Cl","chloride","16887-00-6","mg/l","NVT","OW","M21a","ZGM","2001-01-02",NA,""
100400148,"KRW fysisch-chemisch uit maatlatten 2018","CONCTTE","(massa)Concentratie","Cl","chloride","16887-00-6","mg/l","NVT","OW","R4a","ZGM","2001-01-02",NA,""
100400149,"KRW fysisch-chemisch uit maatlatten 2018","CONCTTE","(massa)Concentratie","Cl","chloride","16887-00-6","mg/l","NVT","OW","R19","ZGM","2001-01-02",NA,""
100400150,"KRW fysisch-chemisch uit maatlatten 2018","CONCTTE","(massa)Concentratie","Ptot","fosfor totaal","NVT","mg/l","P","OW","M21a","ZGM","2001-01-02",NA,""
100400151,"KRW fysisch-chemisch uit maatlatten 2018","CONCTTE","(massa)Concentratie","Cl","chloride","16887-00-6","mg/l","NVT","OW","M21b","ZGM","2001-01-02",NA,""
100400152,"KRW fysisch-chemisch uit maatlatten 2018","CONCTTE","(massa)Concentratie","Ptot","fosfor totaal","NVT","mg/l","P","OW","R4a","ZGM","2001-01-02",NA,""
100400153,"KRW fysisch-chemisch uit maatlatten 2018","CONCTTE","(massa)Concentratie","Ptot","fosfor totaal","NVT","mg/l","P","OW","R19","ZGM","2001-01-02",NA,""
100400154,"KRW fysisch-chemisch uit maatlatten 2018","CONCTTE","(massa)Concentratie","Cl","chloride","16887-00-6","mg/l","NVT","OW","R4b","ZGM","2001-01-02",NA,""
100400155,"KRW fysisch-chemisch uit maatlatten 2018","CONCTTE","(massa)Concentratie","Cl","chloride","16887-00-6","mg/l","NVT","OW","R20","ZGM","2001-01-02",NA,""
100400156,"KRW fysisch-chemisch uit maatlatten 2018","CONCTTE","(massa)Concentratie","Nanorg","stikstof anorganisch","NVT","mg/l","Nnf","OW","O2a","WGM","2001-01-02",NA,"Nanorg_som"
100400157,"KRW fysisch-chemisch uit maatlatten 2018","CONCTTE","(massa)Concentratie","Ntot","stikstof totaal","NVT","mg/l","N","OW","M21a","ZGM","2001-01-02",NA,"Ntot_som"
100400158,"KRW fysisch-chemisch uit maatlatten 2018","CONCTTE","(massa)Concentratie","Ntot","stikstof totaal","NVT","mg/l","N","OW","R4a","ZGM","2001-01-02",NA,"Ntot_som"
100400159,"KRW fysisch-chemisch uit maatlatten 2018","CONCTTE","(massa)Concentratie","Ntot","stikstof totaal","NVT","mg/l","N","OW","R19","ZGM","2001-01-02",NA,"Ntot_som"
100400160,"KRW fysisch-chemisch uit maatlatten 2018","CONCTTE","(massa)Concentratie","Ptot","fosfor totaal","NVT","mg/l","P","OW","M21b","ZGM","2001-01-02",NA,""
100400161,"KRW fysisch-chemisch uit maatlatten 2018","CONCTTE","(massa)Concentratie","Ptot","fosfor totaal","NVT","mg/l","P","OW","R4b","ZGM","2001-01-02",NA,""
100400162,"KRW fysisch-chemisch uit maatlatten 2018","CONCTTE","(massa)Concentratie","Ptot","fosfor totaal","NVT","mg/l","P","OW","R20","ZGM","2001-01-02",NA,""
100400163,"KRW fysisch-chemisch uit maatlatten 2018","CONCTTE","(massa)Concentratie","Nanorg","stikstof anorganisch","NVT","mg/l","Nnf","OW","O2b","WGM","2001-01-02",NA,"Nanorg_som"
100400164,"KRW fysisch-chemisch uit maatlatten 2018","CONCTTE","(massa)Concentratie","Ntot","stikstof totaal","NVT","mg/l","N","OW","M21b","ZGM","2001-01-02",NA,"Ntot_som"
100400165,"KRW fysisch-chemisch uit maatlatten 2018","CONCTTE","(massa)Concentratie","Ntot","stikstof totaal","NVT","mg/l","N","OW","R4b","ZGM","2001-01-02",NA,"Ntot_som"
100400166,"KRW fysisch-chemisch uit maatlatten 2018","CONCTTE","(massa)Concentratie","Ntot","stikstof totaal","NVT","mg/l","N","OW","R20","ZGM","2001-01-02",NA,"Ntot_som"
100400167,"KRW fysisch-chemisch uit maatlatten 2018","pH","Zuurgraad","","","","DIMSLS","NVT","OW","M1a","ZPH","2000-01-01",NA,""
100400168,"KRW fysisch-chemisch uit maatlatten 2018","pH","Zuurgraad","","","","DIMSLS","NVT","OW","M1b","ZPH","2000-01-01",NA,""
100400169,"KRW fysisch-chemisch uit maatlatten 2018","pH","Zuurgraad","","","","DIMSLS","NVT","OW","M2","ZPH","2000-01-01",NA,""
100400170,"KRW fysisch-chemisch uit maatlatten 2018","pH","Zuurgraad","","","","DIMSLS","NVT","OW","M3","ZPH","2000-01-01",NA,""
100400171,"KRW fysisch-chemisch uit maatlatten 2018","pH","Zuurgraad","","","","DIMSLS","NVT","OW","M4","ZPH","2000-01-01",NA,""
100400172,"KRW fysisch-chemisch uit maatlatten 2018","pH","Zuurgraad","","","","DIMSLS","NVT","OW","M5","ZPH","2000-01-01",NA,""
100400173,"KRW fysisch-chemisch uit maatlatten 2018","pH","Zuurgraad","","","","DIMSLS","NVT","OW","M6a","ZPH","2000-01-01",NA,""
100400174,"KRW fysisch-chemisch uit maatlatten 2018","pH","Zuurgraad","","","","DIMSLS","NVT","OW","M6b","ZPH","2000-01-01",NA,""
100400175,"KRW fysisch-chemisch uit maatlatten 2018","pH","Zuurgraad","","","","DIMSLS","NVT","OW","M7a","ZPH","2000-01-01",NA,""
100400176,"KRW fysisch-chemisch uit maatlatten 2018","pH","Zuurgraad","","","","DIMSLS","NVT","OW","M7b","ZPH","2000-01-01",NA,""
100400177,"KRW fysisch-chemisch uit maatlatten 2018","pH","Zuurgraad","","","","DIMSLS","NVT","OW","M8","ZPH","2000-01-01",NA,""
100400178,"KRW fysisch-chemisch uit maatlatten 2018","pH","Zuurgraad","","","","DIMSLS","NVT","OW","M9","ZPH","2000-01-01",NA,""
100400179,"KRW fysisch-chemisch uit maatlatten 2018","pH","Zuurgraad","","","","DIMSLS","NVT","OW","M10","ZPH","2000-01-01",NA,""
100400180,"KRW fysisch-chemisch uit maatlatten 2018","pH","Zuurgraad","","","","DIMSLS","NVT","OW","M11","ZPH","2000-01-01",NA,""
100400181,"KRW fysisch-chemisch uit maatlatten 2018","pH","Zuurgraad","","","","DIMSLS","NVT","OW","M12","ZPH","2000-01-01",NA,""
100400182,"KRW fysisch-chemisch uit maatlatten 2018","pH","Zuurgraad","","","","DIMSLS","NVT","OW","M13","ZPH","2000-01-01",NA,""
100400183,"KRW fysisch-chemisch uit maatlatten 2018","pH","Zuurgraad","","","","DIMSLS","NVT","OW","M14","ZPH","2000-01-01",NA,""
100400184,"KRW fysisch-chemisch uit maatlatten 2018","pH","Zuurgraad","","","","DIMSLS","NVT","OW","M16","ZPH","2000-01-01",NA,""
100400185,"KRW fysisch-chemisch uit maatlatten 2018","pH","Zuurgraad","","","","DIMSLS","NVT","OW","M17","ZPH","2000-01-01",NA,""
100400186,"KRW fysisch-chemisch uit maatlatten 2018","pH","Zuurgraad","","","","DIMSLS","NVT","OW","M18","ZPH","2000-01-01",NA,""
100400187,"KRW fysisch-chemisch uit maatlatten 2018","pH","Zuurgraad","","","","DIMSLS","NVT","OW","M20","ZPH","2000-01-01",NA,""
100400188,"KRW fysisch-chemisch uit maatlatten 2018","pH","Zuurgraad","","","","DIMSLS","NVT","OW","M22","ZPH","2000-01-01",NA,""
100400189,"KRW fysisch-chemisch uit maatlatten 2018","pH","Zuurgraad","","","","DIMSLS","NVT","OW","M23","ZPH","2000-01-01",NA,""
100400190,"KRW fysisch-chemisch uit maatlatten 2018","pH","Zuurgraad","","","","DIMSLS","NVT","OW","M24","ZPH","2000-01-01",NA,""
100400191,"KRW fysisch-chemisch uit maatlatten 2018","pH","Zuurgraad","","","","DIMSLS","NVT","OW","M25","ZPH","2000-01-01",NA,""
100400192,"KRW fysisch-chemisch uit maatlatten 2018","pH","Zuurgraad","","","","DIMSLS","NVT","OW","M26","ZPH","2000-01-01",NA,""
100400193,"KRW fysisch-chemisch uit maatlatten 2018","pH","Zuurgraad","","","","DIMSLS","NVT","OW","M27","ZPH","2000-01-01",NA,""
100400194,"KRW fysisch-chemisch uit maatlatten 2018","pH","Zuurgraad","","","","DIMSLS","NVT","OW","M28","ZPH","2000-01-01",NA,""
100400195,"KRW fysisch-chemisch uit maatlatten 2018","pH","Zuurgraad","","","","DIMSLS","NVT","OW","M30","ZPH","2000-01-01",NA,""
100400196,"KRW fysisch-chemisch uit maatlatten 2018","pH","Zuurgraad","","","","DIMSLS","NVT","OW","M31","ZPH","2000-01-01",NA,""
100400197,"KRW fysisch-chemisch uit maatlatten 2018","pH","Zuurgraad","","","","DIMSLS","NVT","OW","M32","ZPH","2000-01-01",NA,""
100400198,"KRW fysisch-chemisch uit maatlatten 2018","pH","Zuurgraad","","","","DIMSLS","NVT","OW","R1","ZPH","2000-01-01",NA,""
100400199,"KRW fysisch-chemisch uit maatlatten 2018","pH","Zuurgraad","","","","DIMSLS","NVT","OW","R2","ZPH","2000-01-01",NA,""
100400200,"KRW fysisch-chemisch uit maatlatten 2018","pH","Zuurgraad","","","","DIMSLS","NVT","OW","R3","ZPH","2000-01-01",NA,""
100400201,"KRW fysisch-chemisch uit maatlatten 2018","pH","Zuurgraad","","","","DIMSLS","NVT","OW","R5","ZPH","2000-01-01",NA,""
100400202,"KRW fysisch-chemisch uit maatlatten 2018","pH","Zuurgraad","","","","DIMSLS","NVT","OW","R6","ZPH","2000-01-01",NA,""
100400203,"KRW fysisch-chemisch uit maatlatten 2018","pH","Zuurgraad","","","","DIMSLS","NVT","OW","R7","ZPH","2000-01-01",NA,""
100400204,"KRW fysisch-chemisch uit maatlatten 2018","pH","Zuurgraad","","","","DIMSLS","NVT","OW","R8","ZPH","2000-01-01",NA,""
100400205,"KRW fysisch-chemisch uit maatlatten 2018","pH","Zuurgraad","","","","DIMSLS","NVT","OW","R9","ZPH","2000-01-01",NA,""
100400206,"KRW fysisch-chemisch uit maatlatten 2018","pH","Zuurgraad","","","","DIMSLS","NVT","OW","R10","ZPH","2000-01-01",NA,""
100400207,"KRW fysisch-chemisch uit maatlatten 2018","pH","Zuurgraad","","","","DIMSLS","NVT","OW","R11","ZPH","2000-01-01",NA,""
100400208,"KRW fysisch-chemisch uit maatlatten 2018","pH","Zuurgraad","","","","DIMSLS","NVT","OW","R12","ZPH","2000-01-01",NA,""
100400209,"KRW fysisch-chemisch uit maatlatten 2018","pH","Zuurgraad","","","","DIMSLS","NVT","OW","R13","ZPH","2000-01-01",NA,""
100400210,"KRW fysisch-chemisch uit maatlatten 2018","pH","Zuurgraad","","","","DIMSLS","NVT","OW","R14","ZPH","2000-01-01",NA,""
100400211,"KRW fysisch-chemisch uit maatlatten 2018","pH","Zuurgraad","","","","DIMSLS","NVT","OW","R15","ZPH","2000-01-01",NA,""
100400212,"KRW fysisch-chemisch uit maatlatten 2018","pH","Zuurgraad","","","","DIMSLS","NVT","OW","R16","ZPH","2000-01-01",NA,""
100400213,"KRW fysisch-chemisch uit maatlatten 2018","pH","Zuurgraad","","","","DIMSLS","NVT","OW","R17","ZPH","2000-01-01",NA,""
100400214,"KRW fysisch-chemisch uit maatlatten 2018","pH","Zuurgraad","","","","DIMSLS","NVT","OW","R18","ZPH","2000-01-01",NA,""
100400215,"KRW fysisch-chemisch uit maatlatten 2018","pH","Zuurgraad","","","","DIMSLS","NVT","OW","M21a","ZPH","2001-01-02",NA,""
100400216,"KRW fysisch-chemisch uit maatlatten 2018","pH","Zuurgraad","","","","DIMSLS","NVT","OW","R4a","ZPH","2001-01-02",NA,""
100400217,"KRW fysisch-chemisch uit maatlatten 2018","pH","Zuurgraad","","","","DIMSLS","NVT","OW","R19","ZPH","2001-01-02",NA,""
100400218,"KRW fysisch-chemisch uit maatlatten 2018","pH","Zuurgraad","","","","DIMSLS","NVT","OW","M21b","ZPH","2001-01-02",NA,""
100400219,"KRW fysisch-chemisch uit maatlatten 2018","pH","Zuurgraad","","","","DIMSLS","NVT","OW","R4b","ZPH","2001-01-02",NA,""
100400220,"KRW fysisch-chemisch uit maatlatten 2018","pH","Zuurgraad","","","","DIMSLS","NVT","OW","R20","ZPH","2001-01-02",NA,""
100400221,"KRW fysisch-chemisch uit maatlatten 2018","T","Temperatuur","","","","oC","NVT","OW","K1","P98MAX","2000-01-01",NA,""
100400222,"KRW fysisch-chemisch uit maatlatten 2018","T","Temperatuur","","","","oC","NVT","OW","K2","P98MAX","2000-01-01",NA,""
100400223,"KRW fysisch-chemisch uit maatlatten 2018","T","Temperatuur","","","","oC","NVT","OW","K3","P98MAX","2000-01-01",NA,""
100400224,"KRW fysisch-chemisch uit maatlatten 2018","T","Temperatuur","","","","oC","NVT","OW","M1a","P98MAX","2000-01-01",NA,""
100400225,"KRW fysisch-chemisch uit maatlatten 2018","T","Temperatuur","","","","oC","NVT","OW","M1b","P98MAX","2000-01-01",NA,""
100400226,"KRW fysisch-chemisch uit maatlatten 2018","T","Temperatuur","","","","oC","NVT","OW","M2","P98MAX","2000-01-01",NA,""
100400227,"KRW fysisch-chemisch uit maatlatten 2018","T","Temperatuur","","","","oC","NVT","OW","M3","P98MAX","2000-01-01",NA,""
100400228,"KRW fysisch-chemisch uit maatlatten 2018","T","Temperatuur","","","","oC","NVT","OW","M4","P98MAX","2000-01-01",NA,""
100400229,"KRW fysisch-chemisch uit maatlatten 2018","T","Temperatuur","","","","oC","NVT","OW","M5","P98MAX","2000-01-01",NA,""
100400230,"KRW fysisch-chemisch uit maatlatten 2018","T","Temperatuur","","","","oC","NVT","OW","M6a","P98MAX","2000-01-01",NA,""
100400231,"KRW fysisch-chemisch uit maatlatten 2018","T","Temperatuur","","","","oC","NVT","OW","M6b","P98MAX","2000-01-01",NA,""
100400232,"KRW fysisch-chemisch uit maatlatten 2018","T","Temperatuur","","","","oC","NVT","OW","M7a","P98MAX","2000-01-01",NA,""
100400233,"KRW fysisch-chemisch uit maatlatten 2018","T","Temperatuur","","","","oC","NVT","OW","M7b","P98MAX","2000-01-01",NA,""
100400234,"KRW fysisch-chemisch uit maatlatten 2018","T","Temperatuur","","","","oC","NVT","OW","M8","P98MAX","2000-01-01",NA,""
100400235,"KRW fysisch-chemisch uit maatlatten 2018","T","Temperatuur","","","","oC","NVT","OW","M9","P98MAX","2000-01-01",NA,""
100400236,"KRW fysisch-chemisch uit maatlatten 2018","T","Temperatuur","","","","oC","NVT","OW","M10","P98MAX","2000-01-01",NA,""
100400237,"KRW fysisch-chemisch uit maatlatten 2018","T","Temperatuur","","","","oC","NVT","OW","M11","P98MAX","2000-01-01",NA,""
100400238,"KRW fysisch-chemisch uit maatlatten 2018","T","Temperatuur","","","","oC","NVT","OW","M12","P98MAX","2000-01-01",NA,""
100400239,"KRW fysisch-chemisch uit maatlatten 2018","T","Temperatuur","","","","oC","NVT","OW","M13","P98MAX","2000-01-01",NA,""
100400240,"KRW fysisch-chemisch uit maatlatten 2018","T","Temperatuur","","","","oC","NVT","OW","M14","P98MAX","2000-01-01",NA,""
100400241,"KRW fysisch-chemisch uit maatlatten 2018","T","Temperatuur","","","","oC","NVT","OW","M16","P98MAX","2000-01-01",NA,""
100400242,"KRW fysisch-chemisch uit maatlatten 2018","T","Temperatuur","","","","oC","NVT","OW","M17","P98MAX","2000-01-01",NA,""
100400243,"KRW fysisch-chemisch uit maatlatten 2018","T","Temperatuur","","","","oC","NVT","OW","M18","P98MAX","2000-01-01",NA,""
100400244,"KRW fysisch-chemisch uit maatlatten 2018","T","Temperatuur","","","","oC","NVT","OW","M20","P98MAX","2000-01-01",NA,""
100400245,"KRW fysisch-chemisch uit maatlatten 2018","T","Temperatuur","","","","oC","NVT","OW","M22","P98MAX","2000-01-01",NA,""
100400246,"KRW fysisch-chemisch uit maatlatten 2018","T","Temperatuur","","","","oC","NVT","OW","M23","P98MAX","2000-01-01",NA,""
100400247,"KRW fysisch-chemisch uit maatlatten 2018","T","Temperatuur","","","","oC","NVT","OW","M24","P98MAX","2000-01-01",NA,""
100400248,"KRW fysisch-chemisch uit maatlatten 2018","T","Temperatuur","","","","oC","NVT","OW","M25","P98MAX","2000-01-01",NA,""
100400249,"KRW fysisch-chemisch uit maatlatten 2018","T","Temperatuur","","","","oC","NVT","OW","M26","P98MAX","2000-01-01",NA,""
100400250,"KRW fysisch-chemisch uit maatlatten 2018","T","Temperatuur","","","","oC","NVT","OW","M27","P98MAX","2000-01-01",NA,""
100400251,"KRW fysisch-chemisch uit maatlatten 2018","T","Temperatuur","","","","oC","NVT","OW","M28","P98MAX","2000-01-01",NA,""
100400252,"KRW fysisch-chemisch uit maatlatten 2018","T","Temperatuur","","","","oC","NVT","OW","M30","P98MAX","2000-01-01",NA,""
100400253,"KRW fysisch-chemisch uit maatlatten 2018","T","Temperatuur","","","","oC","NVT","OW","M31","P98MAX","2000-01-01",NA,""
100400254,"KRW fysisch-chemisch uit maatlatten 2018","T","Temperatuur","","","","oC","NVT","OW","M32","P98MAX","2000-01-01",NA,""
100400255,"KRW fysisch-chemisch uit maatlatten 2018","T","Temperatuur","","","","oC","NVT","OW","R1","P98MAX","2000-01-01",NA,""
100400256,"KRW fysisch-chemisch uit maatlatten 2018","T","Temperatuur","","","","oC","NVT","OW","R2","P98MAX","2000-01-01",NA,""
100400257,"KRW fysisch-chemisch uit maatlatten 2018","T","Temperatuur","","","","oC","NVT","OW","R3","P98MAX","2000-01-01",NA,""
100400258,"KRW fysisch-chemisch uit maatlatten 2018","T","Temperatuur","","","","oC","NVT","OW","R5","P98MAX","2000-01-01",NA,""
100400259,"KRW fysisch-chemisch uit maatlatten 2018","T","Temperatuur","","","","oC","NVT","OW","R6","P98MAX","2000-01-01",NA,""
100400260,"KRW fysisch-chemisch uit maatlatten 2018","T","Temperatuur","","","","oC","NVT","OW","R7","P98MAX","2000-01-01",NA,""
100400261,"KRW fysisch-chemisch uit maatlatten 2018","T","Temperatuur","","","","oC","NVT","OW","R8","P98MAX","2000-01-01",NA,""
100400262,"KRW fysisch-chemisch uit maatlatten 2018","T","Temperatuur","","","","oC","NVT","OW","R9","P98MAX","2000-01-01",NA,""
100400263,"KRW fysisch-chemisch uit maatlatten 2018","T","Temperatuur","","","","oC","NVT","OW","R10","P98MAX","2000-01-01",NA,""
100400264,"KRW fysisch-chemisch uit maatlatten 2018","T","Temperatuur","","","","oC","NVT","OW","R11","P98MAX","2000-01-01",NA,""
100400265,"KRW fysisch-chemisch uit maatlatten 2018","T","Temperatuur","","","","oC","NVT","OW","R12","P98MAX","2000-01-01",NA,""
100400266,"KRW fysisch-chemisch uit maatlatten 2018","T","Temperatuur","","","","oC","NVT","OW","R13","P98MAX","2000-01-01",NA,""
100400267,"KRW fysisch-chemisch uit maatlatten 2018","T","Temperatuur","","","","oC","NVT","OW","R14","P98MAX","2000-01-01",NA,""
100400268,"KRW fysisch-chemisch uit maatlatten 2018","T","Temperatuur","","","","oC","NVT","OW","R15","P98MAX","2000-01-01",NA,""
100400269,"KRW fysisch-chemisch uit maatlatten 2018","T","Temperatuur","","","","oC","NVT","OW","R16","P98MAX","2000-01-01",NA,""
100400270,"KRW fysisch-chemisch uit maatlatten 2018","T","Temperatuur","","","","oC","NVT","OW","R17","P98MAX","2000-01-01",NA,""
100400271,"KRW fysisch-chemisch uit maatlatten 2018","T","Temperatuur","","","","oC","NVT","OW","R18","P98MAX","2000-01-01",NA,""
100400272,"KRW fysisch-chemisch uit maatlatten 2018","T","Temperatuur","","","","oC","NVT","OW","O2a","P98MAX","2001-01-02",NA,""
100400273,"KRW fysisch-chemisch uit maatlatten 2018","T","Temperatuur","","","","oC","NVT","OW","M21a","P98MAX","2001-01-02",NA,""
100400274,"KRW fysisch-chemisch uit maatlatten 2018","T","Temperatuur","","","","oC","NVT","OW","R4a","P98MAX","2001-01-02",NA,""
100400275,"KRW fysisch-chemisch uit maatlatten 2018","T","Temperatuur","","","","oC","NVT","OW","R19","P98MAX","2001-01-02",NA,""
100400276,"KRW fysisch-chemisch uit maatlatten 2018","T","Temperatuur","","","","oC","NVT","OW","O2b","P98MAX","2001-01-02",NA,""
100400277,"KRW fysisch-chemisch uit maatlatten 2018","T","Temperatuur","","","","oC","NVT","OW","M21b","P98MAX","2001-01-02",NA,""
100400278,"KRW fysisch-chemisch uit maatlatten 2018","T","Temperatuur","","","","oC","NVT","OW","R4b","P98MAX","2001-01-02",NA,""
100400279,"KRW fysisch-chemisch uit maatlatten 2018","T","Temperatuur","","","","oC","NVT","OW","R20","P98MAX","2001-01-02",NA,""
100400280,"KRW fysisch-chemisch uit maatlatten 2018","VERZDGGD","Verzadigingsgraad","O2","zuurstof","7782-44-7","%","NVT","OW","K1","ZGM","2000-01-01",NA,""
100400281,"KRW fysisch-chemisch uit maatlatten 2018","VERZDGGD","Verzadigingsgraad","O2","zuurstof","7782-44-7","%","NVT","OW","K2","ZGM","2000-01-01",NA,""
100400282,"KRW fysisch-chemisch uit maatlatten 2018","VERZDGGD","Verzadigingsgraad","O2","zuurstof","7782-44-7","%","NVT","OW","K3","ZGM","2000-01-01",NA,""
100400283,"KRW fysisch-chemisch uit maatlatten 2018","VERZDGGD","Verzadigingsgraad","O2","zuurstof","7782-44-7","%","NVT","OW","M1a","ZGM","2000-01-01",NA,""
100400284,"KRW fysisch-chemisch uit maatlatten 2018","VERZDGGD","Verzadigingsgraad","O2","zuurstof","7782-44-7","%","NVT","OW","M1b","ZGM","2000-01-01",NA,""
100400285,"KRW fysisch-chemisch uit maatlatten 2018","VERZDGGD","Verzadigingsgraad","O2","zuurstof","7782-44-7","%","NVT","OW","M2","ZGM","2000-01-01",NA,""
100400286,"KRW fysisch-chemisch uit maatlatten 2018","VERZDGGD","Verzadigingsgraad","O2","zuurstof","7782-44-7","%","NVT","OW","M3","ZGM","2000-01-01",NA,""
100400287,"KRW fysisch-chemisch uit maatlatten 2018","VERZDGGD","Verzadigingsgraad","O2","zuurstof","7782-44-7","%","NVT","OW","M4","ZGM","2000-01-01",NA,""
100400288,"KRW fysisch-chemisch uit maatlatten 2018","VERZDGGD","Verzadigingsgraad","O2","zuurstof","7782-44-7","%","NVT","OW","M5","ZGM","2000-01-01",NA,""
100400289,"KRW fysisch-chemisch uit maatlatten 2018","VERZDGGD","Verzadigingsgraad","O2","zuurstof","7782-44-7","%","NVT","OW","M6a","ZGM","2000-01-01",NA,""
100400290,"KRW fysisch-chemisch uit maatlatten 2018","VERZDGGD","Verzadigingsgraad","O2","zuurstof","7782-44-7","%","NVT","OW","M6b","ZGM","2000-01-01",NA,""
100400291,"KRW fysisch-chemisch uit maatlatten 2018","VERZDGGD","Verzadigingsgraad","O2","zuurstof","7782-44-7","%","NVT","OW","M7a","ZGM","2000-01-01",NA,""
100400292,"KRW fysisch-chemisch uit maatlatten 2018","VERZDGGD","Verzadigingsgraad","O2","zuurstof","7782-44-7","%","NVT","OW","M7b","ZGM","2000-01-01",NA,""
100400293,"KRW fysisch-chemisch uit maatlatten 2018","VERZDGGD","Verzadigingsgraad","O2","zuurstof","7782-44-7","%","NVT","OW","M8","ZGM","2000-01-01",NA,""
100400294,"KRW fysisch-chemisch uit maatlatten 2018","VERZDGGD","Verzadigingsgraad","O2","zuurstof","7782-44-7","%","NVT","OW","M9","ZGM","2000-01-01",NA,""
100400295,"KRW fysisch-chemisch uit maatlatten 2018","VERZDGGD","Verzadigingsgraad","O2","zuurstof","7782-44-7","%","NVT","OW","M10","ZGM","2000-01-01",NA,""
100400296,"KRW fysisch-chemisch uit maatlatten 2018","VERZDGGD","Verzadigingsgraad","O2","zuurstof","7782-44-7","%","NVT","OW","M11","ZGM","2000-01-01",NA,""
100400297,"KRW fysisch-chemisch uit maatlatten 2018","VERZDGGD","Verzadigingsgraad","O2","zuurstof","7782-44-7","%","NVT","OW","M12","ZGM","2000-01-01",NA,""
100400298,"KRW fysisch-chemisch uit maatlatten 2018","VERZDGGD","Verzadigingsgraad","O2","zuurstof","7782-44-7","%","NVT","OW","M13","ZGM","2000-01-01",NA,""
100400299,"KRW fysisch-chemisch uit maatlatten 2018","VERZDGGD","Verzadigingsgraad","O2","zuurstof","7782-44-7","%","NVT","OW","M14","ZGM","2000-01-01",NA,""
100400300,"KRW fysisch-chemisch uit maatlatten 2018","VERZDGGD","Verzadigingsgraad","O2","zuurstof","7782-44-7","%","NVT","OW","M16","ZGM","2000-01-01",NA,""
100400301,"KRW fysisch-chemisch uit maatlatten 2018","VERZDGGD","Verzadigingsgraad","O2","zuurstof","7782-44-7","%","NVT","OW","M17","ZGM","2000-01-01",NA,""
100400302,"KRW fysisch-chemisch uit maatlatten 2018","VERZDGGD","Verzadigingsgraad","O2","zuurstof","7782-44-7","%","NVT","OW","M18","ZGM","2000-01-01",NA,""
100400303,"KRW fysisch-chemisch uit maatlatten 2018","VERZDGGD","Verzadigingsgraad","O2","zuurstof","7782-44-7","%","NVT","OW","M20","ZGM","2000-01-01",NA,""
100400304,"KRW fysisch-chemisch uit maatlatten 2018","VERZDGGD","Verzadigingsgraad","O2","zuurstof","7782-44-7","%","NVT","OW","M22","ZGM","2000-01-01",NA,""
100400305,"KRW fysisch-chemisch uit maatlatten 2018","VERZDGGD","Verzadigingsgraad","O2","zuurstof","7782-44-7","%","NVT","OW","M23","ZGM","2000-01-01",NA,""
100400306,"KRW fysisch-chemisch uit maatlatten 2018","VERZDGGD","Verzadigingsgraad","O2","zuurstof","7782-44-7","%","NVT","OW","M24","ZGM","2000-01-01",NA,""
100400307,"KRW fysisch-chemisch uit maatlatten 2018","VERZDGGD","Verzadigingsgraad","O2","zuurstof","7782-44-7","%","NVT","OW","M25","ZGM","2000-01-01",NA,""
100400308,"KRW fysisch-chemisch uit maatlatten 2018","VERZDGGD","Verzadigingsgraad","O2","zuurstof","7782-44-7","%","NVT","OW","M26","ZGM","2000-01-01",NA,""
100400309,"KRW fysisch-chemisch uit maatlatten 2018","VERZDGGD","Verzadigingsgraad","O2","zuurstof","7782-44-7","%","NVT","OW","M27","ZGM","2000-01-01",NA,""
100400310,"KRW fysisch-chemisch uit maatlatten 2018","VERZDGGD","Verzadigingsgraad","O2","zuurstof","7782-44-7","%","NVT","OW","M28","ZGM","2000-01-01",NA,""
100400311,"KRW fysisch-chemisch uit maatlatten 2018","VERZDGGD","Verzadigingsgraad","O2","zuurstof","7782-44-7","%","NVT","OW","M30","ZGM","2000-01-01",NA,""
100400312,"KRW fysisch-chemisch uit maatlatten 2018","VERZDGGD","Verzadigingsgraad","O2","zuurstof","7782-44-7","%","NVT","OW","M31","ZGM","2000-01-01",NA,""
100400313,"KRW fysisch-chemisch uit maatlatten 2018","VERZDGGD","Verzadigingsgraad","O2","zuurstof","7782-44-7","%","NVT","OW","M32","ZGM","2000-01-01",NA,""
100400314,"KRW fysisch-chemisch uit maatlatten 2018","VERZDGGD","Verzadigingsgraad","O2","zuurstof","7782-44-7","%","NVT","OW","R1","ZGM","2000-01-01",NA,""
100400315,"KRW fysisch-chemisch uit maatlatten 2018","VERZDGGD","Verzadigingsgraad","O2","zuurstof","7782-44-7","%","NVT","OW","R2","ZGM","2000-01-01",NA,""
100400316,"KRW fysisch-chemisch uit maatlatten 2018","VERZDGGD","Verzadigingsgraad","O2","zuurstof","7782-44-7","%","NVT","OW","R3","ZGM","2000-01-01",NA,""
100400317,"KRW fysisch-chemisch uit maatlatten 2018","VERZDGGD","Verzadigingsgraad","O2","zuurstof","7782-44-7","%","NVT","OW","R5","ZGM","2000-01-01",NA,""
100400318,"KRW fysisch-chemisch uit maatlatten 2018","VERZDGGD","Verzadigingsgraad","O2","zuurstof","7782-44-7","%","NVT","OW","R6","ZGM","2000-01-01",NA,""
100400319,"KRW fysisch-chemisch uit maatlatten 2018","VERZDGGD","Verzadigingsgraad","O2","zuurstof","7782-44-7","%","NVT","OW","R7","ZGM","2000-01-01",NA,""
100400320,"KRW fysisch-chemisch uit maatlatten 2018","VERZDGGD","Verzadigingsgraad","O2","zuurstof","7782-44-7","%","NVT","OW","R8","ZGM","2000-01-01",NA,""
100400321,"KRW fysisch-chemisch uit maatlatten 2018","VERZDGGD","Verzadigingsgraad","O2","zuurstof","7782-44-7","%","NVT","OW","R9","ZGM","2000-01-01",NA,""
100400322,"KRW fysisch-chemisch uit maatlatten 2018","VERZDGGD","Verzadigingsgraad","O2","zuurstof","7782-44-7","%","NVT","OW","R10","ZGM","2000-01-01",NA,""
100400323,"KRW fysisch-chemisch uit maatlatten 2018","VERZDGGD","Verzadigingsgraad","O2","zuurstof","7782-44-7","%","NVT","OW","R11","ZGM","2000-01-01",NA,""
100400324,"KRW fysisch-chemisch uit maatlatten 2018","VERZDGGD","Verzadigingsgraad","O2","zuurstof","7782-44-7","%","NVT","OW","R12","ZGM","2000-01-01",NA,""
100400325,"KRW fysisch-chemisch uit maatlatten 2018","VERZDGGD","Verzadigingsgraad","O2","zuurstof","7782-44-7","%","NVT","OW","R13","ZGM","2000-01-01",NA,""
100400326,"KRW fysisch-chemisch uit maatlatten 2018","VERZDGGD","Verzadigingsgraad","O2","zuurstof","7782-44-7","%","NVT","OW","R14","ZGM","2000-01-01",NA,""
100400327,"KRW fysisch-chemisch uit maatlatten 2018","VERZDGGD","Verzadigingsgraad","O2","zuurstof","7782-44-7","%","NVT","OW","R15","ZGM","2000-01-01",NA,""
100400328,"KRW fysisch-chemisch uit maatlatten 2018","VERZDGGD","Verzadigingsgraad","O2","zuurstof","7782-44-7","%","NVT","OW","R16","ZGM","2000-01-01",NA,""
100400329,"KRW fysisch-chemisch uit maatlatten 2018","VERZDGGD","Verzadigingsgraad","O2","zuurstof","7782-44-7","%","NVT","OW","R17","ZGM","2000-01-01",NA,""
100400330,"KRW fysisch-chemisch uit maatlatten 2018","VERZDGGD","Verzadigingsgraad","O2","zuurstof","7782-44-7","%","NVT","OW","R18","ZGM","2000-01-01",NA,""
100400331,"KRW fysisch-chemisch uit maatlatten 2018","VERZDGGD","Verzadigingsgraad","O2","zuurstof","7782-44-7","%","NVT","OW","O2a","ZGM","2001-01-02",NA,""
100400332,"KRW fysisch-chemisch uit maatlatten 2018","VERZDGGD","Verzadigingsgraad","O2","zuurstof","7782-44-7","%","NVT","OW","M21a","ZGM","2001-01-02",NA,""
100400333,"KRW fysisch-chemisch uit maatlatten 2018","VERZDGGD","Verzadigingsgraad","O2","zuurstof","7782-44-7","%","NVT","OW","R4a","ZGM","2001-01-02",NA,""
100400334,"KRW fysisch-chemisch uit maatlatten 2018","VERZDGGD","Verzadigingsgraad","O2","zuurstof","7782-44-7","%","NVT","OW","R19","ZGM","2001-01-02",NA,""
100400335,"KRW fysisch-chemisch uit maatlatten 2018","VERZDGGD","Verzadigingsgraad","O2","zuurstof","7782-44-7","%","NVT","OW","O2b","ZGM","2001-01-02",NA,""
100400336,"KRW fysisch-chemisch uit maatlatten 2018","VERZDGGD","Verzadigingsgraad","O2","zuurstof","7782-44-7","%","NVT","OW","M21b","ZGM","2001-01-02",NA,""
100400337,"KRW fysisch-chemisch uit maatlatten 2018","VERZDGGD","Verzadigingsgraad","O2","zuurstof","7782-44-7","%","NVT","OW","R4b","ZGM","2001-01-02",NA,""
100400338,"KRW fysisch-chemisch uit maatlatten 2018","VERZDGGD","Verzadigingsgraad","O2","zuurstof","7782-44-7","%","NVT","OW","R20","ZGM","2001-01-02",NA,""
100400339,"KRW fysisch-chemisch uit maatlatten 2018","ZICHT","Doorzicht","","","","m","NVT","OW","M3","ZGM","2000-01-01",NA,""
100400340,"KRW fysisch-chemisch uit maatlatten 2018","ZICHT","Doorzicht","","","","m","NVT","OW","M4","ZGM","2000-01-01",NA,""
100400341,"KRW fysisch-chemisch uit maatlatten 2018","ZICHT","Doorzicht","","","","m","NVT","OW","M5","ZGM","2000-01-01",NA,""
100400342,"KRW fysisch-chemisch uit maatlatten 2018","ZICHT","Doorzicht","","","","m","NVT","OW","M6a","ZGM","2000-01-01",NA,""
100400343,"KRW fysisch-chemisch uit maatlatten 2018","ZICHT","Doorzicht","","","","m","NVT","OW","M6b","ZGM","2000-01-01",NA,""
100400344,"KRW fysisch-chemisch uit maatlatten 2018","ZICHT","Doorzicht","","","","m","NVT","OW","M7a","ZGM","2000-01-01",NA,""
100400345,"KRW fysisch-chemisch uit maatlatten 2018","ZICHT","Doorzicht","","","","m","NVT","OW","M7b","ZGM","2000-01-01",NA,""
100400346,"KRW fysisch-chemisch uit maatlatten 2018","ZICHT","Doorzicht","","","","m","NVT","OW","M10","ZGM","2000-01-01",NA,""
100400347,"KRW fysisch-chemisch uit maatlatten 2018","ZICHT","Doorzicht","","","","m","NVT","OW","M11","ZGM","2000-01-01",NA,""
100400348,"KRW fysisch-chemisch uit maatlatten 2018","ZICHT","Doorzicht","","","","m","NVT","OW","M12","ZGM","2000-01-01",NA,""
100400349,"KRW fysisch-chemisch uit maatlatten 2018","ZICHT","Doorzicht","","","","m","NVT","OW","M13","ZGM","2000-01-01",NA,""
100400350,"KRW fysisch-chemisch uit maatlatten 2018","ZICHT","Doorzicht","","","","m","NVT","OW","M14","ZGM","2000-01-01",NA,""
100400351,"KRW fysisch-chemisch uit maatlatten 2018","ZICHT","Doorzicht","","","","m","NVT","OW","M16","ZGM","2000-01-01",NA,""
100400352,"KRW fysisch-chemisch uit maatlatten 2018","ZICHT","Doorzicht","","","","m","NVT","OW","M17","ZGM","2000-01-01",NA,""
100400353,"KRW fysisch-chemisch uit maatlatten 2018","ZICHT","Doorzicht","","","","m","NVT","OW","M18","ZGM","2000-01-01",NA,""
100400354,"KRW fysisch-chemisch uit maatlatten 2018","ZICHT","Doorzicht","","","","m","NVT","OW","M20","ZGM","2000-01-01",NA,""
100400355,"KRW fysisch-chemisch uit maatlatten 2018","ZICHT","Doorzicht","","","","m","NVT","OW","M22","ZGM","2000-01-01",NA,""
100400356,"KRW fysisch-chemisch uit maatlatten 2018","ZICHT","Doorzicht","","","","m","NVT","OW","M23","ZGM","2000-01-01",NA,""
100400357,"KRW fysisch-chemisch uit maatlatten 2018","ZICHT","Doorzicht","","","","m","NVT","OW","M24","ZGM","2000-01-01",NA,""
100400358,"KRW fysisch-chemisch uit maatlatten 2018","ZICHT","Doorzicht","","","","m","NVT","OW","M25","ZGM","2000-01-01",NA,""
100400359,"KRW fysisch-chemisch uit maatlatten 2018","ZICHT","Doorzicht","","","","m","NVT","OW","M26","ZGM","2000-01-01",NA,""
100400360,"KRW fysisch-chemisch uit maatlatten 2018","ZICHT","Doorzicht","","","","m","NVT","OW","M27","ZGM","2000-01-01",NA,""
100400361,"KRW fysisch-chemisch uit maatlatten 2018","ZICHT","Doorzicht","","","","m","NVT","OW","M28","ZGM","2000-01-01",NA,""
100400362,"KRW fysisch-chemisch uit maatlatten 2018","ZICHT","Doorzicht","","","","m","NVT","OW","M30","ZGM","2000-01-01",NA,""
100400363,"KRW fysisch-chemisch uit maatlatten 2018","ZICHT","Doorzicht","","","","m","NVT","OW","M31","ZGM","2000-01-01",NA,""
100400364,"KRW fysisch-chemisch uit maatlatten 2018","ZICHT","Doorzicht","","","","m","NVT","OW","M32","ZGM","2000-01-01",NA,""
100400365,"KRW fysisch-chemisch uit maatlatten 2018","ZICHT","Doorzicht","","","","m","NVT","OW","M21a","ZGM","2001-01-02",NA,""
100400366,"KRW fysisch-chemisch uit maatlatten 2018","ZICHT","Doorzicht","","","","m","NVT","OW","M21b","ZGM","2001-01-02",NA,""
